{
	"name": "Fish_Tail",
	"render_type": "bedrock",
	"hidden_parts": [],
	"render_data" : {
	"format_version": "1.12.0",
	"minecraft:geometry": [
		{
			"description": {
				"identifier": "geometry.unknown",
				"texture_width": 64,
				"texture_height": 64,
				"visible_bounds_width": 5,
				"visible_bounds_height": 2.5,
				"visible_bounds_offset": [0, 0.75, 0]
			},
			"bones": [
				{
					"name": "fishtail",
					"pivot": [0, 0, 0]
				},
				{
					"name": "TAILbase",
					"parent": "fishtail",
					"pivot": [0.5, 16, 2],
					"rotation": [-35, 0, 0],
					"cubes": [
						{"origin": [-2.5, 12, 2], "size": [5, 4, 4], "uv": [30, 11]}
					]
				},
				{
					"name": "bone322",
					"parent": "TAILbase",
					"pivot": [0, 12, 6],
					"rotation": [17.5, 0, 0],
					"cubes": [
						{"origin": [-2, 12, 6], "size": [4, 4, 6], "uv": [0, 0]}
					]
				},
				{
					"name": "bone327",
					"parent": "bone322",
					"pivot": [-2, 14, 7],
					"rotation": [-5, -25, -10],
					"cubes": [
						{"origin": [-5, 14, 6], "size": [4, 0, 7], "uv": [21, 0]}
					]
				},
				{
					"name": "bone320",
					"parent": "bone322",
					"pivot": [2, 14, 7],
					"rotation": [-5, 25, 10],
					"cubes": [
						{"origin": [1, 14, 6], "size": [4, 0, 7], "uv": [13, 0]}
					]
				},
				{
					"name": "bone326",
					"parent": "bone322",
					"pivot": [0, 12, 14],
					"rotation": [-30, 0, 0],
					"cubes": [
						{"origin": [0.005, 7, 8], "size": [0, 5, 8], "uv": [16, 2]},
						{"origin": [-0.005, 7, 8], "size": [0, 5, 8], "uv": [0, 2]}
					]
				},
				{
					"name": "bone323",
					"parent": "bone322",
					"pivot": [0, 12, 12],
					"rotation": [17.5, 0, 0],
					"cubes": [
						{"origin": [-1.5, 12.5, 12], "size": [3, 3, 6], "inflate": 0.25, "uv": [30, 1]}
					]
				},
				{
					"name": "bone324",
					"parent": "bone323",
					"pivot": [0, 12, 18],
					"rotation": [25, 0, 0],
					"cubes": [
						{"origin": [-1.5, 12.5, 18], "size": [3, 3, 6], "uv": [24, 29]}
					]
				},
				{
					"name": "bone325",
					"parent": "bone324",
					"pivot": [0, 14, 19],
					"rotation": [-7.5, 0, 0],
					"cubes": [
						{"origin": [-0.005, 9, 18], "size": [0, 10, 15], "uv": [0, 10]},
						{"origin": [0.005, 9, 18], "size": [0, 10, 15], "uv": [0, 0]}
					]
				}
			]
		}
	]
},
	"texture": "moreplayermodels:textures/fishtail1.png",
	"body_part": "body",
	"menu": "CORVUS_Tails",
	"animation_inherit": "corvus_tails",
	"preview_rotation": 135,
	"translate": [0, 12, 0],
	"scale": [1.0, 1.0, 1.0],
	"rotate_offset": [0, -12, 0.0],
	"rotate": [0.0, 0, 0.0],
	"can_use_player_skin" : true,
	"author": "nymphbat"
}