{
	"name": "Lizard_Tail",
	"render_type": "bedrock",
	"hidden_parts": [],
	"render_data" : {
	"format_version": "1.12.0",
	"minecraft:geometry": [
		{
			"description": {
				"identifier": "geometry.unknown",
				"texture_width": 32,
				"texture_height": 32,
				"visible_bounds_width": 3,
				"visible_bounds_height": 2.5,
				"visible_bounds_offset": [0, 0.75, 0]
			},
			"bones": [
				{
					"name": "lizard",
					"pivot": [0, 0, 0]
				},
				{
					"name": "TAILbase",
					"parent": "lizard",
					"pivot": [0, 16, 2],
					"rotation": [-25, 0, 0],
					"cubes": [
						{"origin": [-1.5, 13, 2], "size": [3, 3, 4], "inflate": 0.25, "uv": [10, 7]},
						{"origin": [-0.005, 16, 1], "size": [0, 2, 7], "uv": [0, 2]},
						{"origin": [0.005, 16, 1], "size": [0, 2, 7], "uv": [0, 0]}
					]
				},
				{
					"name": "bone515",
					"parent": "TAILbase",
					"pivot": [0, 13, 6],
					"rotation": [17.5, 0, 0],
					"cubes": [
						{"origin": [-1.5, 13, 6], "size": [3, 3, 4], "uv": [0, 0]}
					]
				},
				{
					"name": "bone516",
					"parent": "bone515",
					"pivot": [-0.5, 13.5, 10],
					"rotation": [17.5, 0, 0],
					"cubes": [
						{"origin": [-1, 13.5, 10], "size": [2, 2, 4], "inflate": 0.25, "uv": [0, 11]}
					]
				},
				{
					"name": "bone517",
					"parent": "bone516",
					"pivot": [-0.5, 13.5, 14],
					"rotation": [17.5, 0, 0],
					"cubes": [
						{"origin": [-1, 13.5, 14], "size": [2, 2, 3], "uv": [14, 0]}
					]
				}
			]
		}
	]
},
	"texture": "moreplayermodels:textures/lizard1.png",
	"body_part": "body",
	"menu": "CORVUS_Tails",
	"preview_rotation": 135,
	"translate": [0, 12, 0],
	"scale": [1.0, 1.0, 1.0],
	"rotate_offset": [0, -12, 0.0],
	"rotate": [0.0, 0, 0.0],
	"can_use_player_skin" : true,
	"author": "nymphbat"
}