{
	"name": "Spade Tail",
	"render_type": "bedrock",
	"hidden_parts": [],
	"render_data" :{
	"format_version": "1.12.0",
	"minecraft:geometry": [
		{
			"description": {
				"identifier": "geometry.unknown",
				"texture_width": 32,
				"texture_height": 32,
				"visible_bounds_width": 4,
				"visible_bounds_height": 2.5,
				"visible_bounds_offset": [0, 0.75, 0]
			},
			"bones": [
				{
					"name": "devil_tail",
					"pivot": [0, 0, 0]
				},
				{
					"name": "TAILbase",
					"parent": "devil_tail",
					"pivot": [0, 15, 2],
					"rotation": [-47.5, 0, 0],
					"cubes": [
						{"origin": [-0.5, 14, 2], "size": [1, 1, 6], "inflate": 0.25, "uv": [8, 1]}
					]
				},
				{
					"name": "bone469",
					"parent": "TAILbase",
					"pivot": [0, 14, 8],
					"rotation": [20, 0, 0],
					"cubes": [
						{"origin": [-0.5, 14, 8], "size": [1, 1, 6], "inflate": 0.15, "uv": [0, 7]}
					]
				},
				{
					"name": "TAILend",
					"parent": "bone469",
					"pivot": [0, 14, 14],
					"rotation": [22.5, 0, 0],
					"cubes": [
						{"origin": [-0.5, 14, 14], "size": [1, 1, 6], "uv": [0, 0]}
					]
				},
				{
					"name": "bone490",
					"parent": "TAILend",
					"pivot": [0, 14.5, 19],
					"rotation": [15, 0, 0],
					"cubes": [
						{"origin": [-2, 14.5, 19], "size": [4, 0, 3], "uv": [5, 8]},
						{"origin": [-1.5, 14.5, 22], "size": [3, 0, 3], "uv": [5, 0]}
					]
				}
			]
		}
	]
},
	"texture": "moreplayermodels:textures/tail_spade.png",
	"body_part": "body",
	"menu": "CORVUS_Tails",
	"animation_inherit": "corvus_tails",
	"preview_rotation": 135,
	"translate": [0, 12, 0],
	"scale": [1.0, 1.0, 1.0],
	"rotate_offset": [0, -12, 0.0],
	"rotate": [0.0, 0, 0.0],
	"can_use_player_skin" : true,
	"author": "nymphbat"
}