{
	"name": "Tail_Extra",
	"render_type": "bedrock",
	"hidden_parts": [],
	"render_data" : {
	"format_version": "1.12.0",
	"minecraft:geometry": [
		{
			"description": {
				"identifier": "geometry.unknown",
				"texture_width": 32,
				"texture_height": 32,
				"visible_bounds_width": 4,
				"visible_bounds_height": 2.5,
				"visible_bounds_offset": [0, 0.75, 0]
			},
			"bones": [
				{
					"name": "twotail",
					"pivot": [0, 0, 0]
				},
				{
					"name": "TAILbase",
					"parent": "twotail",
					"pivot": [0, 15.5, 2]
				},
				{
					"name": "left",
					"parent": "TAILbase",
					"pivot": [0.25, 15.5, 2],
					"rotation": [-42.5, 15, 0],
					"cubes": [
						{"origin": [0.25, 15.5, 2], "size": [2, 0, 5], "uv": [7, 5]}
					]
				},
				{
					"name": "bone284",
					"parent": "left",
					"pivot": [2.25, 15.5, 2.5],
					"rotation": [5, 15, 0],
					"cubes": [
						{"origin": [2.25, 15.5, 2], "size": [1, 0, 4], "uv": [14, 12]}
					]
				},
				{
					"name": "bone285",
					"parent": "bone284",
					"pivot": [2.75, 15.5, 6],
					"rotation": [17.5, 0, 0],
					"cubes": [
						{"origin": [2.25, 15.5, 6], "size": [1, 0, 4], "uv": [10, 14]}
					]
				},
				{
					"name": "bone286",
					"parent": "bone285",
					"pivot": [2.75, 15.5, 10],
					"rotation": [27.5, 0, 0],
					"cubes": [
						{"origin": [2.25, 15.5, 10], "size": [1, 0, 4], "uv": [8, 14]}
					]
				},
				{
					"name": "bone279",
					"parent": "left",
					"pivot": [0.25, 15.5, 7],
					"rotation": [17.5, 0, 0],
					"cubes": [
						{"origin": [0.25, 15.5, 7], "size": [2, 0, 4], "uv": [12, 8]}
					]
				},
				{
					"name": "bone281",
					"parent": "bone279",
					"pivot": [0.25, 15.5, 11],
					"rotation": [17.5, 0, 0],
					"cubes": [
						{"origin": [0.25, 15.5, 11], "size": [2, 0, 4], "uv": [12, 4]}
					]
				},
				{
					"name": "bone282",
					"parent": "bone281",
					"pivot": [1.25, 15.5, 15],
					"rotation": [12.5, 0, 0],
					"cubes": [
						{"origin": [-0.75, 15.5, 15], "size": [4, 0, 4], "uv": [0, 4]}
					]
				},
				{
					"name": "bone283",
					"parent": "bone282",
					"pivot": [0.75, 15.5, 19],
					"rotation": [12.5, 0, 0],
					"cubes": [
						{"origin": [-0.25, 15.5, 19], "size": [3, 0, 4], "uv": [6, 10]}
					]
				},
				{
					"name": "right",
					"parent": "TAILbase",
					"pivot": [-0.25, 15.5, 2],
					"rotation": [-42.5, -15, 0],
					"cubes": [
						{"origin": [-2.25, 15.5, 2], "size": [2, 0, 5], "uv": [7, 0]}
					]
				},
				{
					"name": "bone288",
					"parent": "right",
					"pivot": [-2.25, 15.5, 2.5],
					"rotation": [5, -15, 0],
					"cubes": [
						{"origin": [-3.25, 15.5, 2], "size": [1, 0, 4], "uv": [6, 14]}
					]
				},
				{
					"name": "bone289",
					"parent": "bone288",
					"pivot": [-2.75, 15.5, 6],
					"rotation": [17.5, 0, 0],
					"cubes": [
						{"origin": [-3.25, 15.5, 6], "size": [1, 0, 4], "uv": [12, 12]}
					]
				},
				{
					"name": "bone290",
					"parent": "bone289",
					"pivot": [-2.75, 15.5, 10],
					"rotation": [27.5, 0, 0],
					"cubes": [
						{"origin": [-3.25, 15.5, 10], "size": [1, 0, 4], "uv": [4, 12]}
					]
				},
				{
					"name": "bone291",
					"parent": "right",
					"pivot": [-0.25, 15.5, 7],
					"rotation": [17.5, 0, 0],
					"cubes": [
						{"origin": [-2.25, 15.5, 7], "size": [2, 0, 4], "uv": [12, 0]}
					]
				},
				{
					"name": "bone292",
					"parent": "bone291",
					"pivot": [-0.25, 15.5, 11],
					"rotation": [17.5, 0, 0],
					"cubes": [
						{"origin": [-2.25, 15.5, 11], "size": [2, 0, 4], "uv": [0, 12]}
					]
				},
				{
					"name": "bone293",
					"parent": "bone292",
					"pivot": [-1.25, 15.5, 15],
					"rotation": [12.5, 0, 0],
					"cubes": [
						{"origin": [-3.25, 15.5, 15], "size": [4, 0, 4], "uv": [0, 0]}
					]
				},
				{
					"name": "bone294",
					"parent": "bone293",
					"pivot": [-0.75, 15.5, 19],
					"rotation": [12.5, 0, 0],
					"cubes": [
						{"origin": [-2.75, 15.5, 19], "size": [3, 0, 4], "uv": [0, 8]}
					]
				}
			]
		}
	]
	},
	"texture": "moreplayermodels:textures/tail_two.png",
	"body_part": "body",
	"menu": "CORVUS_Tails",
	"animation_inherit" : "corvus_tails",
	"preview_rotation": 135,
	"translate": [0, 12, 0],
	"scale": [1.0, 1.0, 1.0],
	"rotate_offset": [0, -12, 0.0],
	"rotate": [0.0, 0, 0.0],
	"can_use_player_skin" : true,
	"author": "nymphbat"
}