{
	"name": "big_antlers",
	"render_type": "bedrock",
	"hidden_parts": [],
	"render_data" : {
	"format_version": "1.12.0",
	"minecraft:geometry": [
		{
			"description": {
				"identifier": "geometry.unknown",
				"texture_width": 32,
				"texture_height": 32,
				"visible_bounds_width": 3,
				"visible_bounds_height": 4.5,
				"visible_bounds_offset": [0, 1.75, 0]
			},
			"bones": [
				{
					"name": "antlers_big",
					"pivot": [0, 0, 0]
				},
				{
					"name": "bone2",
					"parent": "antlers_big",
					"pivot": [3.5, 34, -0.5]
				},
				{
					"name": "left2",
					"parent": "bone2",
					"pivot": [3.5, 32, -0.5],
					"rotation": [0, 0, 15],
					"cubes": [
						{"origin": [3, 32, -1], "size": [1, 2, 1], "inflate": 0.01, "uv": [12, 14]}
					]
				},
				{
					"name": "bone3",
					"parent": "left2",
					"pivot": [4, 34, 0],
					"rotation": [15, 0, 0],
					"cubes": [
						{"origin": [3, 34, -3], "size": [1, 1, 5], "uv": [5, 8]}
					]
				},
				{
					"name": "bone4",
					"parent": "bone3",
					"pivot": [3.5, 34, 0.5],
					"rotation": [27.5, 0, 0],
					"cubes": [
						{"origin": [3, 34, 0.5], "size": [1, 3, 1], "inflate": 0.01, "uv": [18, 4]}
					]
				},
				{
					"name": "bone5",
					"parent": "bone3",
					"pivot": [4, 34, 2],
					"rotation": [0, -35, 0],
					"cubes": [
						{"origin": [3, 34, 2], "size": [1, 1, 4], "inflate": 0.01, "uv": [6, 15]}
					]
				},
				{
					"name": "bone7",
					"parent": "bone5",
					"pivot": [4, 34, 6],
					"rotation": [47.5, 0, 0],
					"cubes": [
						{"origin": [3, 34, 6], "size": [1, 1, 4], "uv": [13, 13]}
					]
				},
				{
					"name": "bone9",
					"parent": "bone7",
					"pivot": [3, 34, 8],
					"rotation": [-22.5, 0, 0],
					"cubes": [
						{"origin": [3, 34, 7], "size": [1, 3, 1], "inflate": 0.01, "uv": [16, 0]}
					]
				},
				{
					"name": "bone10",
					"parent": "bone9",
					"pivot": [3, 37, 8],
					"rotation": [40, 0, 0],
					"cubes": [
						{"origin": [3, 37, 7], "size": [1, 3, 1], "uv": [12, 8]}
					]
				},
				{
					"name": "bone12",
					"parent": "bone7",
					"pivot": [4, 34, 10],
					"rotation": [47.5, 0, 0],
					"cubes": [
						{"origin": [3, 34, 10], "size": [1, 1, 4], "inflate": 0.01, "uv": [12, 8]}
					]
				},
				{
					"name": "bone14",
					"parent": "bone12",
					"pivot": [4, 34, 14],
					"rotation": [47.5, 0, 0],
					"cubes": [
						{"origin": [3, 34, 14], "size": [1, 1, 4], "uv": [0, 0]}
					]
				},
				{
					"name": "bone16",
					"parent": "bone3",
					"pivot": [4, 34, -3],
					"rotation": [0, 35, 0],
					"cubes": [
						{"origin": [3, 34, -5], "size": [1, 1, 2], "inflate": 0.01, "uv": [10, 1]}
					]
				},
				{
					"name": "bone18",
					"parent": "bone16",
					"pivot": [4, 34, -5],
					"rotation": [-50, 0, 0],
					"cubes": [
						{"origin": [3, 34, -7], "size": [1, 1, 2], "uv": [6, 0]}
					]
				},
				{
					"name": "bone31",
					"parent": "antlers_big",
					"pivot": [-3.5, 34, -0.5]
				},
				{
					"name": "right2",
					"parent": "bone31",
					"pivot": [-3.5, 32, -0.5],
					"rotation": [0, 0, -15],
					"cubes": [
						{"origin": [-4, 32, -1], "size": [1, 2, 1], "inflate": 0.01, "uv": [12, 14], "mirror": true}
					]
				},
				{
					"name": "bone32",
					"parent": "right2",
					"pivot": [-4, 34, 0],
					"rotation": [15, 0, 0],
					"cubes": [
						{"origin": [-4, 34, -3], "size": [1, 1, 5], "uv": [5, 8], "mirror": true}
					]
				},
				{
					"name": "bone33",
					"parent": "bone32",
					"pivot": [-3.5, 34, 0.5],
					"rotation": [27.5, 0, 0],
					"cubes": [
						{"origin": [-4, 34, 0.5], "size": [1, 3, 1], "inflate": 0.01, "uv": [18, 4], "mirror": true}
					]
				},
				{
					"name": "bone34",
					"parent": "bone32",
					"pivot": [-4, 34, 2],
					"rotation": [0, 35, 0],
					"cubes": [
						{"origin": [-4, 34, 2], "size": [1, 1, 4], "inflate": 0.01, "uv": [6, 15], "mirror": true}
					]
				},
				{
					"name": "bone35",
					"parent": "bone34",
					"pivot": [-4, 34, 6],
					"rotation": [47.5, 0, 0],
					"cubes": [
						{"origin": [-4, 34, 6], "size": [1, 1, 4], "uv": [13, 13], "mirror": true}
					]
				},
				{
					"name": "bone36",
					"parent": "bone35",
					"pivot": [-3, 34, 8],
					"rotation": [-22.5, 0, 0],
					"cubes": [
						{"origin": [-4, 34, 7], "size": [1, 3, 1], "inflate": 0.01, "uv": [16, 0], "mirror": true}
					]
				},
				{
					"name": "bone37",
					"parent": "bone36",
					"pivot": [-3, 37, 8],
					"rotation": [40, 0, 0],
					"cubes": [
						{"origin": [-4, 37, 7], "size": [1, 3, 1], "uv": [12, 8], "mirror": true}
					]
				},
				{
					"name": "bone38",
					"parent": "bone35",
					"pivot": [-4, 34, 10],
					"rotation": [47.5, 0, 0],
					"cubes": [
						{"origin": [-4, 34, 10], "size": [1, 1, 4], "inflate": 0.01, "uv": [12, 8], "mirror": true}
					]
				},
				{
					"name": "bone39",
					"parent": "bone38",
					"pivot": [-4, 34, 14],
					"rotation": [47.5, 0, 0],
					"cubes": [
						{"origin": [-4, 34, 14], "size": [1, 1, 4], "uv": [0, 0], "mirror": true}
					]
				},
				{
					"name": "bone40",
					"parent": "bone32",
					"pivot": [-4, 34, -3],
					"rotation": [0, -35, 0],
					"cubes": [
						{"origin": [-4, 34, -5], "size": [1, 1, 2], "inflate": 0.01, "uv": [10, 1], "mirror": true}
					]
				},
				{
					"name": "bone41",
					"parent": "bone40",
					"pivot": [-4, 34, -5],
					"rotation": [-50, 0, 0],
					"cubes": [
						{"origin": [-4, 34, -7], "size": [1, 1, 2], "uv": [6, 0], "mirror": true}
					]
				}
			]
		}
	]
},
	"texture": "moreplayermodels:textures/big_antler.png",
	"body_part": "head",
	"menu": "CORVUS_Horns",
	"preview_rotation": 315,
	"translate": [0, 12, 0],
	"scale": [1.0, 1.0, 1.0],
	"rotate_offset": [0, -12, 0.0],
	"rotate": [0.0, 0, 0.0],
	"can_use_player_skin" : true,
	"author": "nymphbat"
}