{
	"name": "Face_Spikes",
	"render_type": "bedrock",
	"hidden_parts": [],
	"render_data" : {
	"format_version": "1.12.0",
	"minecraft:geometry": [
		{
			"description": {
				"identifier": "geometry.unknown",
				"texture_width": 16,
				"texture_height": 16,
				"visible_bounds_width": 2,
				"visible_bounds_height": 3.5,
				"visible_bounds_offset": [0, 1.25, 0]
			},
			"bones": [
				{
					"name": "face_spikes",
					"pivot": [0, 0, 0]
				},
				{
					"name": "bone438",
					"parent": "face_spikes",
					"pivot": [2.2, 30.5, -4]
				},
				{
					"name": "bone440",
					"parent": "bone438",
					"pivot": [0.5, 30, -4],
					"rotation": [60, 0, 10],
					"cubes": [
						{"origin": [0.5, 30, -4], "size": [1, 1, 1], "uv": [3, 9]}
					]
				},
				{
					"name": "bone442",
					"parent": "bone438",
					"pivot": [4, 25.5, -3],
					"rotation": [15, -30, -15],
					"cubes": [
						{"origin": [4, 25.5, -3], "size": [1, 1, 1], "uv": [9, 1]}
					]
				},
				{
					"name": "bone443",
					"parent": "bone438",
					"pivot": [4, 29, -3],
					"rotation": [25, -22.5, -12.5],
					"cubes": [
						{"origin": [4, 29, -3], "size": [1, 1, 1], "inflate": 0.15, "uv": [6, 8]}
					]
				},
				{
					"name": "bone445",
					"parent": "bone438",
					"pivot": [4, 27.4, -1],
					"rotation": [20, -30, -20],
					"cubes": [
						{"origin": [4, 27.4, -1], "size": [1, 1, 1], "uv": [0, 8]}
					]
				},
				{
					"name": "bone439",
					"parent": "bone438",
					"pivot": [2.6, 28.6, -4],
					"rotation": [60, 0, 37.5],
					"cubes": [
						{"origin": [2.6, 28.6, -4], "size": [1, 1, 1], "uv": [3, 7]}
					]
				},
				{
					"name": "bone437",
					"parent": "bone438",
					"pivot": [2.2, 30.5, -4],
					"rotation": [60, -10, 27.5],
					"cubes": [
						{"origin": [2.2, 30.5, -4], "size": [1, 1, 1], "inflate": 0.15, "uv": [6, 6]}
					]
				},
				{
					"name": "bone441",
					"parent": "bone438",
					"pivot": [2.2, 32, -3],
					"rotation": [-20, -20, 0],
					"cubes": [
						{"origin": [2.2, 32, -3], "size": [1, 1, 1], "inflate": 0.15, "uv": [6, 4]}
					]
				},
				{
					"name": "bone444",
					"parent": "bone438",
					"pivot": [2.7, 32, -0.9],
					"rotation": [-32.5, -10, 0],
					"cubes": [
						{"origin": [2.7, 32, -0.9], "size": [1, 1, 1], "uv": [6, 2]}
					]
				},
				{
					"name": "bone446",
					"parent": "face_spikes",
					"pivot": [-2.2, 30.5, -4]
				},
				{
					"name": "bone447",
					"parent": "bone446",
					"pivot": [-0.5, 30, -4],
					"rotation": [60, 0, -10],
					"cubes": [
						{"origin": [-1.5, 30, -4], "size": [1, 1, 1], "uv": [6, 0]}
					]
				},
				{
					"name": "bone448",
					"parent": "bone446",
					"pivot": [-4, 25.5, -3],
					"rotation": [15, 30, 15],
					"cubes": [
						{"origin": [-5, 25.5, -3], "size": [1, 1, 1], "uv": [0, 6]}
					]
				},
				{
					"name": "bone449",
					"parent": "bone446",
					"pivot": [-4, 29, -3],
					"rotation": [25, 22.5, 12.5],
					"cubes": [
						{"origin": [-5, 29, -3], "size": [1, 1, 1], "inflate": 0.15, "uv": [3, 5]}
					]
				},
				{
					"name": "bone450",
					"parent": "bone446",
					"pivot": [-4, 27.4, -1],
					"rotation": [20, 30, 20],
					"cubes": [
						{"origin": [-5, 27.4, -1], "size": [1, 1, 1], "uv": [0, 4]}
					]
				},
				{
					"name": "bone451",
					"parent": "bone446",
					"pivot": [-2.6, 28.6, -4],
					"rotation": [60, 0, -37.5],
					"cubes": [
						{"origin": [-3.6, 28.6, -4], "size": [1, 1, 1], "uv": [3, 3]}
					]
				},
				{
					"name": "bone452",
					"parent": "bone446",
					"pivot": [-2.2, 30.5, -4],
					"rotation": [60, 10, -27.5],
					"cubes": [
						{"origin": [-3.2, 30.5, -4], "size": [1, 1, 1], "inflate": 0.15, "uv": [3, 1]}
					]
				},
				{
					"name": "bone453",
					"parent": "bone446",
					"pivot": [-2.2, 32, -3],
					"rotation": [-20, 20, 0],
					"cubes": [
						{"origin": [-3.2, 32, -3], "size": [1, 1, 1], "inflate": 0.15, "uv": [0, 2]}
					]
				},
				{
					"name": "bone454",
					"parent": "bone446",
					"pivot": [-2.7, 32, -0.9],
					"rotation": [-32.5, 10, 0],
					"cubes": [
						{"origin": [-3.7, 32, -0.9], "size": [1, 1, 1], "uv": [0, 0]}
					]
				}
			]
		}
	]
},
	"texture": "moreplayermodels:textures/facespikes.png",
	"body_part": "head",
	"menu": "CORVUS_Horns",
	"preview_rotation": 315,
	"translate": [0, 12, 0],
	"scale": [1.0, 1.0, 1.0],
	"rotate_offset": [0, -12, 0.0],
	"rotate": [0.0, 0, 0.0],
	"can_use_player_skin" : true,
	"author": "nymphbat"
}