{
	"name": "Horns",
	"render_type": "bedrock",
	"hidden_parts": [],
	"render_data" : {
	"format_version": "1.12.0",
	"minecraft:geometry": [
		{
			"description": {
				"identifier": "geometry.unknown",
				"texture_width": 32,
				"texture_height": 32,
				"visible_bounds_width": 3,
				"visible_bounds_height": 3.5,
				"visible_bounds_offset": [0, 1.25, 0]
			},
			"bones": [
				{
					"name": "horns3",
					"pivot": [2, 32, -2]
				},
				{
					"name": "bone409",
					"parent": "horns3",
					"pivot": [2, 32, -3],
					"rotation": [-40, 5, 0],
					"cubes": [
						{"origin": [0.90038, 31.9944, -3.00668], "size": [2, 2, 2], "inflate": 0.25, "uv": [12, 0]}
					]
				},
				{
					"name": "bone410",
					"parent": "bone409",
					"pivot": [1, 34, -3],
					"rotation": [-17.5, 0, 7.5],
					"cubes": [
						{"origin": [0.90196, 33.98029, -3.00079], "size": [2, 2, 2], "inflate": 0.15, "uv": [0, 10]}
					]
				},
				{
					"name": "bone411",
					"parent": "bone410",
					"pivot": [1, 36, -3],
					"rotation": [-17.5, 0, 7.5],
					"cubes": [
						{"origin": [0.90537, 35.96893, -2.99103], "size": [2, 3, 2], "uv": [0, 5]}
					]
				},
				{
					"name": "bone412",
					"parent": "bone411",
					"pivot": [1.5, 39, -2.5],
					"rotation": [-17.5, 0, 12.5],
					"cubes": [
						{"origin": [1.41434, 38.95423, -2.47616], "size": [1, 3, 1], "inflate": 0.25, "uv": [15, 15]}
					]
				},
				{
					"name": "bone413",
					"parent": "bone412",
					"pivot": [1.5, 42, -2.5],
					"rotation": [-17.5, 0, 15],
					"cubes": [
						{"origin": [1.42911, 41.94386, -2.4573], "size": [1, 3, 1], "inflate": 0.15, "uv": [4, 14]}
					]
				},
				{
					"name": "bone414",
					"parent": "bone413",
					"pivot": [1.5, 45, -2.5],
					"rotation": [-17.5, 0, 17.5],
					"cubes": [
						{"origin": [1.44927, 44.94145, -2.43677], "size": [1, 3, 1], "uv": [0, 14]}
					]
				},
				{
					"name": "bone2",
					"parent": "horns3",
					"pivot": [-2, 32, -3],
					"rotation": [-40, -5, 0],
					"cubes": [
						{"origin": [-2.90038, 31.9944, -3.00668], "size": [2, 2, 2], "inflate": 0.25, "uv": [12, 0], "mirror": true}
					]
				},
				{
					"name": "bone3",
					"parent": "bone2",
					"pivot": [-1, 34, -3],
					"rotation": [-17.5, 0, -7.5],
					"cubes": [
						{"origin": [-2.90196, 33.98029, -3.00079], "size": [2, 2, 2], "inflate": 0.15, "uv": [0, 10], "mirror": true}
					]
				},
				{
					"name": "bone4",
					"parent": "bone3",
					"pivot": [-1, 36, -3],
					"rotation": [-17.5, 0, -7.5],
					"cubes": [
						{"origin": [-2.90537, 35.96893, -2.99103], "size": [2, 3, 2], "uv": [0, 5], "mirror": true}
					]
				},
				{
					"name": "bone5",
					"parent": "bone4",
					"pivot": [-1.5, 39, -2.5],
					"rotation": [-17.5, 0, -12.5],
					"cubes": [
						{"origin": [-2.41434, 38.95423, -2.47616], "size": [1, 3, 1], "inflate": 0.25, "uv": [15, 15], "mirror": true}
					]
				},
				{
					"name": "bone6",
					"parent": "bone5",
					"pivot": [-1.5, 42, -2.5],
					"rotation": [-17.5, 0, -15],
					"cubes": [
						{"origin": [-2.42911, 41.94386, -2.4573], "size": [1, 3, 1], "inflate": 0.15, "uv": [4, 14], "mirror": true}
					]
				},
				{
					"name": "bone7",
					"parent": "bone6",
					"pivot": [-1.5, 45, -2.5],
					"rotation": [-17.5, 0, -17.5],
					"cubes": [
						{"origin": [-2.44927, 44.94145, -2.43677], "size": [1, 3, 1], "uv": [0, 14], "mirror": true}
					]
				}
			]
		}
	]
},
	"texture": "moreplayermodels:textures/horns3.png",
	"body_part": "head",
	"menu": "CORVUS_Horns",
	"preview_rotation": 315,
	"translate": [0, 12, 0],
	"scale": [1.0, 1.0, 1.0],
	"rotate_offset": [0, -12, 0.0],
	"rotate": [0.0, 0, 0.0],
	"can_use_player_skin" : true,
	"author": "nymphbat"
}