{
	"name": "medium_antler",
	"render_type": "bedrock",
	"hidden_parts": [],
	"render_data" : {
	"format_version": "1.12.0",
	"minecraft:geometry": [
		{
			"description": {
				"identifier": "geometry.unknown",
				"texture_width": 32,
				"texture_height": 32,
				"visible_bounds_width": 2,
				"visible_bounds_height": 4.5,
				"visible_bounds_offset": [0, 1.75, 0]
			},
			"bones": [
				{
					"name": "antlers_med",
					"pivot": [0, 0, 0]
				},
				{
					"name": "bone2",
					"parent": "antlers_med",
					"pivot": [3.5, 34, -0.5]
				},
				{
					"name": "left2",
					"parent": "bone2",
					"pivot": [3.5, 32, -0.5],
					"rotation": [0, 0, 15],
					"cubes": [
						{"origin": [3, 32, -1], "size": [1, 2, 1], "inflate": 0.01, "uv": [4, 12]}
					]
				},
				{
					"name": "bone3",
					"parent": "left2",
					"pivot": [4, 34, 0],
					"rotation": [15, 0, 0],
					"cubes": [
						{"origin": [3, 34, -2], "size": [1, 1, 4], "uv": [0, 5]}
					]
				},
				{
					"name": "bone4",
					"parent": "bone3",
					"pivot": [3.5, 34, 0.5],
					"rotation": [27.5, 0, 0],
					"cubes": [
						{"origin": [3, 34, 0.5], "size": [1, 2, 1], "inflate": 0.01, "uv": [0, 12]}
					]
				},
				{
					"name": "bone5",
					"parent": "bone3",
					"pivot": [4, 34, 2],
					"rotation": [0, -35, 0],
					"cubes": [
						{"origin": [3, 34, 2], "size": [1, 1, 2], "inflate": 0.01, "uv": [11, 0]}
					]
				},
				{
					"name": "bone6",
					"parent": "bone5",
					"pivot": [4, 34, 4],
					"rotation": [47.5, 0, 0],
					"cubes": [
						{"origin": [3, 34, 4], "size": [1, 1, 4], "uv": [0, 0]}
					]
				},
				{
					"name": "bone7",
					"parent": "bone6",
					"pivot": [3, 34, 6],
					"rotation": [-22.5, 0, 0],
					"cubes": [
						{"origin": [3, 34, 5], "size": [1, 3, 1], "inflate": 0.01, "uv": [0, 0]}
					]
				},
				{
					"name": "bone9",
					"parent": "bone6",
					"pivot": [4, 34, 8],
					"rotation": [47.5, 0, 0],
					"cubes": [
						{"origin": [3, 34, 8], "size": [1, 1, 3], "inflate": 0.01, "uv": [6, 0]}
					]
				},
				{
					"name": "bone11",
					"parent": "bone3",
					"pivot": [4, 34, -2],
					"rotation": [0, 35, 0],
					"cubes": [
						{"origin": [3, 34, -4], "size": [1, 1, 2], "inflate": 0.01, "uv": [10, 7]}
					]
				},
				{
					"name": "bone8",
					"parent": "antlers_med",
					"pivot": [-3.5, 34, -0.5]
				},
				{
					"name": "right2",
					"parent": "bone8",
					"pivot": [-3.5, 32, -0.5],
					"rotation": [0, 0, -15],
					"cubes": [
						{"origin": [-4, 32, -1], "size": [1, 2, 1], "inflate": 0.01, "uv": [4, 12], "mirror": true}
					]
				},
				{
					"name": "bone10",
					"parent": "right2",
					"pivot": [-4, 34, 0],
					"rotation": [15, 0, 0],
					"cubes": [
						{"origin": [-4, 34, -2], "size": [1, 1, 4], "uv": [0, 5], "mirror": true}
					]
				},
				{
					"name": "bone12",
					"parent": "bone10",
					"pivot": [-3.5, 34, 0.5],
					"rotation": [27.5, 0, 0],
					"cubes": [
						{"origin": [-4, 34, 0.5], "size": [1, 2, 1], "inflate": 0.01, "uv": [0, 12], "mirror": true}
					]
				},
				{
					"name": "bone13",
					"parent": "bone10",
					"pivot": [-4, 34, 2],
					"rotation": [0, 35, 0],
					"cubes": [
						{"origin": [-4, 34, 2], "size": [1, 1, 2], "inflate": 0.01, "uv": [11, 0], "mirror": true}
					]
				},
				{
					"name": "bone14",
					"parent": "bone13",
					"pivot": [-4, 34, 4],
					"rotation": [47.5, 0, 0],
					"cubes": [
						{"origin": [-4, 34, 4], "size": [1, 1, 4], "uv": [0, 0], "mirror": true}
					]
				},
				{
					"name": "bone15",
					"parent": "bone14",
					"pivot": [-3, 34, 6],
					"rotation": [-22.5, 0, 0],
					"cubes": [
						{"origin": [-4, 34, 5], "size": [1, 3, 1], "inflate": 0.01, "uv": [0, 0], "mirror": true}
					]
				},
				{
					"name": "bone16",
					"parent": "bone14",
					"pivot": [-4, 34, 8],
					"rotation": [47.5, 0, 0],
					"cubes": [
						{"origin": [-4, 34, 8], "size": [1, 1, 3], "inflate": 0.01, "uv": [6, 0], "mirror": true}
					]
				},
				{
					"name": "bone17",
					"parent": "bone10",
					"pivot": [-4, 34, -2],
					"rotation": [0, -35, 0],
					"cubes": [
						{"origin": [-4, 34, -4], "size": [1, 1, 2], "inflate": 0.01, "uv": [10, 7], "mirror": true}
					]
				}
			]
		}
	]
},
	"texture": "moreplayermodels:textures/med_antler.png",
	"body_part": "head",
	"menu": "CORVUS_Horns",
	"preview_rotation": 315,
	"translate": [0, 12, 0],
	"scale": [1.0, 1.0, 1.0],
	"rotate_offset": [0, -12, 0.0],
	"rotate": [0.0, 0, 0.0],
	"can_use_player_skin" : true,
	"author": "nymphbat"
}