{
	"name": "Ram_Horns",
	"render_type": "bedrock",
	"hidden_parts": [],
	"render_data" : {
	"format_version": "1.12.0",
	"minecraft:geometry": [
		{
			"description": {
				"identifier": "geometry.unknown",
				"texture_width": 32,
				"texture_height": 32,
				"visible_bounds_width": 2,
				"visible_bounds_height": 3.5,
				"visible_bounds_offset": [0, 1.25, 0]
			},
			"bones": [
				{
					"name": "ram_horns",
					"pivot": [0, 0, 0]
				},
				{
					"name": "bone261",
					"parent": "ram_horns",
					"pivot": [-2.5, 31, -2],
					"rotation": [40, -15, 7.5],
					"cubes": [
						{"origin": [-4, 29.5, -2], "size": [3, 3, 4], "inflate": 0.25, "uv": [0, 7]}
					]
				},
				{
					"name": "bone262",
					"parent": "bone261",
					"pivot": [-3, 32.5, 2],
					"rotation": [-25, 0, 0],
					"cubes": [
						{"origin": [-4, 29.5, 2], "size": [3, 3, 3], "inflate": 0.15, "uv": [9, 17]}
					]
				},
				{
					"name": "bone263",
					"parent": "bone262",
					"pivot": [-3, 32.5, 5],
					"rotation": [-35, 0, 0],
					"cubes": [
						{"origin": [-4, 29.5, 5], "size": [3, 3, 3], "uv": [0, 14]}
					]
				},
				{
					"name": "bone264",
					"parent": "bone263",
					"pivot": [-2.5, 32, 8],
					"rotation": [-45, 0, 10],
					"cubes": [
						{"origin": [-3.5, 30, 8], "size": [2, 2, 3], "inflate": 0.25, "uv": [7, 23]}
					]
				},
				{
					"name": "bone265",
					"parent": "bone264",
					"pivot": [-2.5, 32, 11],
					"rotation": [-50, 0, 0],
					"cubes": [
						{"origin": [-3.5, 30, 11], "size": [2, 2, 3], "inflate": 0.15, "uv": [18, 20]}
					]
				},
				{
					"name": "bone266",
					"parent": "bone265",
					"pivot": [-2.5, 32, 14],
					"rotation": [-45, 0, 15],
					"cubes": [
						{"origin": [-3.5, 30, 14], "size": [2, 2, 3], "uv": [20, 14]}
					]
				},
				{
					"name": "bone267",
					"parent": "bone266",
					"pivot": [-2.5, 31.6, 17],
					"rotation": [-27.5, 0, 15],
					"cubes": [
						{"origin": [-3, 30.6, 17], "size": [1, 1, 2], "inflate": 0.25, "uv": [14, 1]}
					]
				},
				{
					"name": "bone2",
					"parent": "ram_horns",
					"pivot": [2.5, 31, -2],
					"rotation": [40, 15, -7.5],
					"cubes": [
						{"origin": [1, 29.5, -2], "size": [3, 3, 4], "inflate": 0.25, "uv": [0, 0]}
					]
				},
				{
					"name": "bone3",
					"parent": "bone2",
					"pivot": [3, 32.5, 2],
					"rotation": [-25, 0, 0],
					"cubes": [
						{"origin": [1, 29.5, 2], "size": [3, 3, 3], "inflate": 0.15, "uv": [11, 11]}
					]
				},
				{
					"name": "bone4",
					"parent": "bone3",
					"pivot": [3, 32.5, 5],
					"rotation": [-35, 0, 0],
					"cubes": [
						{"origin": [1, 29.5, 5], "size": [3, 3, 3], "uv": [11, 4]}
					]
				},
				{
					"name": "bone5",
					"parent": "bone4",
					"pivot": [2.5, 32, 8],
					"rotation": [-45, 0, -10],
					"cubes": [
						{"origin": [1.5, 30, 8], "size": [2, 2, 3], "inflate": 0.25, "uv": [20, 7]}
					]
				},
				{
					"name": "bone6",
					"parent": "bone5",
					"pivot": [2.5, 32, 11],
					"rotation": [-50, 0, 0],
					"cubes": [
						{"origin": [1.5, 30, 11], "size": [2, 2, 3], "inflate": 0.15, "uv": [20, 0]}
					]
				},
				{
					"name": "bone7",
					"parent": "bone6",
					"pivot": [2.5, 32, 14],
					"rotation": [-45, 0, -15],
					"cubes": [
						{"origin": [1.5, 30, 14], "size": [2, 2, 3], "uv": [0, 20]}
					]
				},
				{
					"name": "bone8",
					"parent": "bone7",
					"pivot": [2.5, 31.6, 17],
					"rotation": [-27.5, 0, -15],
					"cubes": [
						{"origin": [2, 30.6, 17], "size": [1, 1, 2], "inflate": 0.25, "uv": [10, 0]}
					]
				}
			]
		}
	]
	},
	"texture": "moreplayermodels:textures/ramhorns.png",
	"body_part": "head",
	"menu": "CORVUS_Horns",
	"preview_rotation": 315,
	"translate": [0, 12, 0],
	"scale": [1.0, 1.0, 1.0],
	"rotate_offset": [0, -12, 0.0],
	"rotate": [0.0, 0, 0.0],
	"can_use_player_skin" : true,
	"author": "nymphbat"
}