{
	"name": "Fluffy Tail Stripes",
	"parent": "moreplayermodels:parts/longtail/b_feline_stripes.json",
	"render_type": "bedrock",
	"hidden_parts": [none],
	"render_data" : {
	"format_version": "1.12.0",
	"minecraft:geometry": [
		{
			"description": {
				"identifier": "geometry.base",
				"texture_width": 64,
				"texture_height": 64,
				"visible_bounds_width": 4,
				"visible_bounds_height": 3,
				"visible_bounds_offset": [0, 0.5, 0]
			},
			"bones": [
				{
					"name": "tail",
					"pivot": [0, 0, -16]
				},
				{
					"name": "base",
					"parent": "tail",
					"pivot": [0, 0, -16],
					"cubes": [
						{"origin": [-1.5, -1.5, -16], "size": [3, 3, 8], "inflate": 0.025, "uv": [0, 0]},
						{"origin": [-1.5, 14.54185, -11.46037], "size": [3, 0, 5], "inflate": 0.025, "pivot": [0, 6.04185, 4.53963], "rotation": [42.5, 0, 0], "uv": [29, 39]},
						{"origin": [-1.5, -14.54259, -11.46105], "size": [3, 0, 5], "inflate": 0.025, "pivot": [0, -6.04259, 4.53895], "rotation": [-42.5, 0, 0], "uv": [29, 39]},
						{"origin": [-14.54259, -1.5, -11.46105], "size": [0, 3, 5], "inflate": 0.025, "pivot": [-6.04259, 0, 4.53895], "rotation": [0, -42.5, 0], "uv": [29, 39], "mirror": true},
						{"origin": [14.54185, -1.5, -11.46037], "size": [0, 3, 5], "inflate": 0.025, "pivot": [6.04185, 0, 4.53963], "rotation": [0, 42.5, 0], "uv": [29, 39]},
						{"origin": [1.85219, -1.5, -10.94573], "size": [0, 3, 5], "inflate": 0.025, "pivot": [-0.00037, -0.00037, -11.14375], "rotation": [0, 42.5, 45], "uv": [29, 39], "mirror": true},
						{"origin": [-1.5, 1.85219, -10.94573], "size": [3, 0, 5], "inflate": 0.025, "pivot": [-0.00037, -0.00037, -11.14375], "rotation": [42.5, 0, 45], "uv": [29, 39]},
						{"origin": [-1.85339, -1.5, -10.94623], "size": [0, 3, 5], "inflate": 0.025, "pivot": [-0.00037, -0.00037, -11.14375], "rotation": [0, -42.5, 45], "uv": [29, 39], "mirror": true},
						{"origin": [-1.5, -1.85339, -10.94623], "size": [3, 0, 5], "inflate": 0.025, "pivot": [-0.00037, -0.00037, -11.14375], "rotation": [-42.5, 0, 45], "uv": [29, 39]},
						{"origin": [-1.5, 2.60364, -9.90351], "size": [3, 0, 5], "inflate": 0.025, "pivot": [-0.00037, -0.00037, -9.28147], "rotation": [42.5, 0, 22.5], "uv": [29, 39]},
						{"origin": [-1.5, 2.09694, -9.35055], "size": [3, 0, 5], "inflate": 0.025, "pivot": [-0.00037, -0.00037, -9.28147], "rotation": [42.5, 0, 67.5], "uv": [29, 39]},
						{"origin": [-2.09814, -1.5, -9.35105], "size": [0, 3, 5], "inflate": 0.025, "pivot": [-0.00037, -0.00037, -9.28147], "rotation": [0, -42.5, 67.5], "uv": [29, 39], "mirror": true},
						{"origin": [-2.60483, -1.5, -9.90401], "size": [0, 3, 5], "inflate": 0.025, "pivot": [-0.00037, -0.00037, -9.28147], "rotation": [0, -42.5, 22.5], "uv": [29, 39], "mirror": true},
						{"origin": [-1.5, -2.09814, -9.35105], "size": [3, 0, 5], "inflate": 0.025, "pivot": [-0.00037, -0.00037, -9.28147], "rotation": [-42.5, 0, 67.5], "uv": [29, 39], "mirror": true},
						{"origin": [-1.5, -2.60483, -9.90401], "size": [3, 0, 5], "inflate": 0.025, "pivot": [-0.00037, -0.00037, -9.28147], "rotation": [-42.5, 0, 22.5], "uv": [29, 39]},
						{"origin": [2.09694, -1.5, -9.35055], "size": [0, 3, 5], "inflate": 0.025, "pivot": [-0.00037, -0.00037, -9.28147], "rotation": [0, 42.5, 67.5], "uv": [29, 39], "mirror": true},
						{"origin": [2.60364, -1.5, -9.90351], "size": [0, 3, 5], "inflate": 0.025, "pivot": [-0.00037, -0.00037, -9.28147], "rotation": [0, 42.5, 22.5], "uv": [29, 39]}
					]
				},
				{
					"name": "mid1",
					"parent": "base",
					"pivot": [0, 0, -8],
					"cubes": [
						{"origin": [-1.5, -1, -8], "size": [3, 2, 8], "inflate": 0.025, "uv": [0, 12]},
						{"origin": [-1.5, 4.25794, -2.66714], "size": [3, 0, 7], "inflate": 0.025, "pivot": [0, -4.24206, 0.33286], "rotation": [35, 0, 0], "uv": [12, 29]},
						{"origin": [-1.5, -4.25794, -2.66714], "size": [3, 0, 7], "inflate": 0.025, "pivot": [0, 4.24206, 0.33286], "rotation": [-35, 0, 0], "uv": [12, 29]},
						{"origin": [-4.25794, -1.5, -2.66714], "size": [0, 3, 7], "inflate": 0.025, "pivot": [4.24206, 0, 0.33286], "rotation": [0, -35, 0], "uv": [12, 29], "mirror": true},
						{"origin": [4.25794, -1.5, -2.66714], "size": [0, 3, 7], "inflate": 0.025, "pivot": [-4.24206, 0, 0.33286], "rotation": [0, 35, 0], "uv": [12, 29]},
						{"origin": [-2.22869, -1.5, -5.982], "size": [0, 3, 7], "inflate": 0.025, "pivot": [0, 0, -4.54254], "rotation": [0, -35, -45], "uv": [12, 29]},
						{"origin": [-1.5, 2.22869, -5.982], "size": [3, 0, 7], "inflate": 0.025, "pivot": [0, 0, -4.54254], "rotation": [35, 0, -45], "uv": [12, 29]},
						{"origin": [2.22869, -1.5, -5.982], "size": [0, 3, 7], "inflate": 0.025, "pivot": [0, 0, -4.54254], "rotation": [0, 35, -45], "uv": [12, 29]},
						{"origin": [-1.5, -2.22869, -5.982], "size": [3, 0, 7], "inflate": 0.025, "pivot": [0, 0, -4.54254], "rotation": [-35, 0, -45], "uv": [12, 29]},
						{"origin": [-2.46361, -1.5, -3.90793], "size": [0, 3, 7], "inflate": 0.025, "pivot": [0, 0, -2.13297], "rotation": [0, -35, -22.5], "uv": [12, 29]},
						{"origin": [-1.5, 2.46361, -3.90793], "size": [3, 0, 7], "inflate": 0.025, "pivot": [0, 0, -2.13297], "rotation": [35, 0, -22.5], "uv": [12, 29]},
						{"origin": [2.46361, -1.5, -3.90793], "size": [0, 3, 7], "inflate": 0.025, "pivot": [0, 0, -2.13297], "rotation": [0, 35, -22.5], "uv": [12, 29]},
						{"origin": [-1.5, -2.46361, -3.90793], "size": [3, 0, 7], "inflate": 0.025, "pivot": [0, 0, -2.13297], "rotation": [-35, 0, -22.5], "uv": [12, 29]},
						{"origin": [-1.5, 2.46361, -3.90793], "size": [3, 0, 7], "inflate": 0.025, "pivot": [0, 0, -2.13297], "rotation": [35, 0, 22.5], "uv": [12, 29]},
						{"origin": [-1.5, -2.46361, -3.90793], "size": [3, 0, 7], "inflate": 0.025, "pivot": [0, 0, -2.13297], "rotation": [-35, 0, 22.5], "uv": [12, 29]},
						{"origin": [-2.46361, -1.5, -3.90793], "size": [0, 3, 7], "inflate": 0.025, "pivot": [0, 0, -2.13297], "rotation": [0, -35, 22.5], "uv": [12, 29], "mirror": true},
						{"origin": [2.46361, -1.5, -3.90793], "size": [0, 3, 7], "inflate": 0.025, "pivot": [0, 0, -2.13297], "rotation": [0, 35, 22.5], "uv": [12, 29]}
					]
				},
				{
					"name": "mid2",
					"parent": "mid1",
					"pivot": [0, 0, 0],
					"cubes": [
						{"origin": [-1, -1, 0], "size": [2, 2, 8], "inflate": 0.025, "uv": [15, 4]},
						{"origin": [-1.5, 3.06424, 3.31118], "size": [3, 0, 7], "inflate": 0.025, "pivot": [-0.5, -5.43576, 6.31118], "rotation": [25, 0, 0], "uv": [12, 29]},
						{"origin": [-1.5, -3.06424, 3.31118], "size": [3, 0, 7], "inflate": 0.025, "pivot": [-0.5, 5.43576, 6.31118], "rotation": [-25, 0, 0], "uv": [12, 29]},
						{"origin": [-3.06424, -1.5, 3.31118], "size": [0, 3, 7], "inflate": 0.025, "pivot": [5.43576, 0.5, 6.31118], "rotation": [0, -25, 0], "uv": [12, 29], "mirror": true},
						{"origin": [3.06424, -1.5, 3.31118], "size": [0, 3, 7], "inflate": 0.025, "pivot": [-5.43576, 0.5, 6.31118], "rotation": [0, 25, 0], "uv": [12, 29]},
						{"origin": [-2.24689, -1.5, 0.71982], "size": [0, 3, 7], "inflate": 0.025, "pivot": [0, 0, 3.17208], "rotation": [0, -25, -45], "uv": [12, 29]},
						{"origin": [2.24689, -1.5, 0.71982], "size": [0, 3, 7], "inflate": 0.025, "pivot": [0, 0, 3.17208], "rotation": [0, 25, -45], "uv": [12, 29]},
						{"origin": [-1.5, -2.24689, 0.71982], "size": [3, 0, 7], "inflate": 0.025, "pivot": [0, 0, 3.17208], "rotation": [-25, 0, -45], "uv": [12, 29]},
						{"origin": [-1.5, 2.24689, 0.71982], "size": [3, 0, 7], "inflate": 0.025, "pivot": [0, 0, 3.17208], "rotation": [25, 0, -45], "uv": [12, 29]},
						{"origin": [-1.5, 2.24689, 2.71982], "size": [3, 0, 7], "inflate": 0.025, "pivot": [0, 0, 5.17208], "rotation": [25, 0, 22.5], "uv": [12, 29]},
						{"origin": [-1.5, -2.24689, 2.71982], "size": [3, 0, 7], "inflate": 0.025, "pivot": [0, 0, 5.17208], "rotation": [-25, 0, 22.5], "uv": [12, 29]},
						{"origin": [-2.24689, -1.5, 2.71982], "size": [0, 3, 7], "inflate": 0.025, "pivot": [0, 0, 5.17208], "rotation": [0, -25, 22.5], "uv": [12, 29], "mirror": true},
						{"origin": [2.24689, -1.5, 2.71982], "size": [0, 3, 7], "inflate": 0.025, "pivot": [0, 0, 5.17208], "rotation": [0, 25, 22.5], "uv": [12, 29]},
						{"origin": [-2.24689, -1.5, 2.71982], "size": [0, 3, 7], "inflate": 0.025, "pivot": [0, 0, 5.17208], "rotation": [0, -25, -22.5], "uv": [12, 29]},
						{"origin": [2.24689, -1.5, 2.71982], "size": [0, 3, 7], "inflate": 0.025, "pivot": [0, 0, 5.17208], "rotation": [0, 25, -22.5], "uv": [12, 29]},
						{"origin": [-1.5, -2.24689, 2.71982], "size": [3, 0, 7], "inflate": 0.025, "pivot": [0, 0, 5.17208], "rotation": [-25, 0, -22.5], "uv": [12, 29]},
						{"origin": [-1.5, 2.24689, 2.71982], "size": [3, 0, 7], "inflate": 0.025, "pivot": [0, 0, 5.17208], "rotation": [25, 0, -22.5], "uv": [12, 29]}
					]
				},
				{
					"name": "end",
					"parent": "mid2",
					"pivot": [0, 0, 8],
					"cubes": [
						{"origin": [-0.5, -0.5, 8], "size": [1, 1, 5], "inflate": 0.025, "uv": [26, 23]},
						{"origin": [-1, 1.19383, 10.26071], "size": [2, 0, 5], "inflate": 0.025, "pivot": [0, 0, 12.38429], "rotation": [17.5, 0, 0], "uv": [20, 48]},
						{"origin": [-1, -1.19383, 10.26071], "size": [2, 0, 5], "inflate": 0.025, "pivot": [0, 0, 12.38429], "rotation": [-17.5, 0, 0], "uv": [20, 48]},
						{"origin": [-1.19383, -1, 10.26071], "size": [0, 2, 5], "inflate": 0.025, "pivot": [0, 0, 12.38429], "rotation": [0, -17.5, 0], "uv": [20, 48]},
						{"origin": [1.19383, -1, 10.26071], "size": [0, 2, 5], "inflate": 0.025, "pivot": [0, 0, 12.38429], "rotation": [0, 17.5, 0], "uv": [20, 48]},
						{"origin": [-1.19383, -1, 10.26071], "size": [0, 2, 5], "inflate": 0.025, "pivot": [0, 0, 12.38429], "rotation": [0, -17.5, -45], "uv": [20, 48]},
						{"origin": [1.19383, -1, 10.26071], "size": [0, 2, 5], "inflate": 0.025, "pivot": [0, 0, 12.38429], "rotation": [0, 17.5, -45], "uv": [20, 48]},
						{"origin": [-1, 1.19383, 10.26071], "size": [2, 0, 5], "inflate": 0.025, "pivot": [0, 0, 12.38429], "rotation": [17.5, 0, -45], "uv": [20, 48]},
						{"origin": [-1, -1.19383, 10.26071], "size": [2, 0, 5], "inflate": 0.025, "pivot": [0, 0, 12.38429], "rotation": [-17.5, 0, -45], "uv": [20, 48]},
						{"origin": [-1, 0.75454, 12.58223], "size": [2, 0, 4], "inflate": 0.025, "pivot": [0, 0, 14.48289], "rotation": [7.5, 0, 22.5], "uv": [16, 44]},
						{"origin": [-1, -0.75454, 12.58223], "size": [2, 0, 4], "inflate": 0.025, "pivot": [0, 0, 14.48289], "rotation": [-7.5, 0, 22.5], "uv": [16, 44]},
						{"origin": [-0.75454, -1, 12.58223], "size": [0, 2, 4], "inflate": 0.025, "pivot": [0, 0, 14.48289], "rotation": [0, -7.5, 22.5], "uv": [16, 44], "mirror": true},
						{"origin": [0.75454, -1, 12.58223], "size": [0, 2, 4], "inflate": 0.025, "pivot": [0, 0, 14.48289], "rotation": [0, 7.5, 22.5], "uv": [16, 44]},
						{"origin": [-0.75454, -1, 12.58223], "size": [0, 2, 4], "inflate": 0.025, "pivot": [0, 0, 14.48289], "rotation": [0, -7.5, -22.5], "uv": [16, 44]},
						{"origin": [0.75454, -1, 12.58223], "size": [0, 2, 4], "inflate": 0.025, "pivot": [0, 0, 14.48289], "rotation": [0, 7.5, -22.5], "uv": [16, 44]},
						{"origin": [-1, 0.75454, 12.58223], "size": [2, 0, 4], "inflate": 0.025, "pivot": [0, 0, 14.48289], "rotation": [7.5, 0, -22.5], "uv": [16, 44]},
						{"origin": [-1, -0.75454, 12.58223], "size": [2, 0, 4], "inflate": 0.025, "pivot": [0, 0, 14.48289], "rotation": [-7.5, 0, -22.5], "uv": [16, 44]}
					]
				}
			]
		}
	]
},
	"animation_data": {
  "walk" : {
    "animation_length" : 3,
    "animation_speed" : 1,
    "additional" : true,
    "bones" : {
      "tail" : {
        "rotation": [[-11.5, 29.5, -5.75], [-20, 0, 0], [-11.5, -29.5, 5.75]]
	  },
      "base" : {
        "rotation": [[0, 0, 0], [0, 0, 0], [0, 0, 0]]
      },
      "mid1" : {
        "rotation": [[17.75, -9.5, -3.0], [17.5, 0, 0], [17.75, 9.5, 3.0]],
		"translate": [[0, 0.25, -0.25], [0, 0.25, -0.25], [0, 0.25, -0.25]]
      },
      "mid2" : {
        "rotation": [[25.25, -9.0, -4.25], [25, 0, 0], [25.25, 9.0, 4.25]],
		"translate": [[0, 0, -0.5], [0, 0, -0.5], [0, 0, -0.5]]
      },
      "end" : {
        "rotation": [[-10, -9.75, 1.75], [-10, 0, 0], [-10, 9.75, 1.75]],
		"translate": [[0, 0, -0.25], [0, 0, -0.25], [0, 0, -0.25]]
      }
    }
  },
  "idle" : {
    "animation_length" : 3,
    "animation_speed" : 1,
    "additional" : true,
    "bones" : {
      "tail" : {
        "rotation": [[-45.75, 8, -9.5], [-50, 0, 0], [-45.75, -8, 9.5]]
	  },
      "base" : {
        "rotation": [[0, 0, 0], [0, 0, 0], [0, 0, 0]]
      },
      "mid1" : {
        "rotation": [[10, 5, 1], [10, 0, 0], [10, -5, -1]],
		"translate": [[0, 0.5, -0.25], [0, 0.5, -0.25], [0, 0.5, -0.25]]
      },
      "mid2" : {
        "rotation": [[25.25, 9, 4.25], [25, 0, 0], [25.25, -9, -4.25]],
		"translate": [[0, 0, -0.5], [0, 0, -0.5], [0, 0, -0.5]]
      },
      "end" : {
        "rotation": [[41.75, 15, 13], [40, 0, 0], [41.75, -15, -13]],
		"translate": [[0, -0.25, -0.5], [0, -0.25, -0.5], [0, -0.25, -0.5]]
      }
    }
  },
  "sit" : {
    "animation_length" : 1,
    "animation_speed" : 1,
    "additional" : true,
    "bones" : {
      "tail" : {
        "rotation": [[-31, 73, -16.75]],
		"translate": [[0, 2, 2]]
	  },
      "base" : {
        "rotation": [[-2.5, 0, 0]]
      },
      "mid1" : {
        "rotation": [[-14.5, 71.75, -15.75]],
		"translate": [[0, 0, -1.25]]
      },
      "mid2" : {
        "rotation": [[7.5, 50, -3]],
		"translate": [[-0.5, 0, -0.75]]
      },
      "end" : {
        "rotation": [[-13.5, 45.25, 9]],
		"translate": [[-0.5, 0, -0.75]]
      }
    }
  },
  "fly" : {
    "animation_length" : 3,
    "animation_speed" : 1,
    "additional" : true,
    "bones" : {
      "tail" : {
        "rotation": [[-11.5, 29.5, -5.75], [-20, 0, 0], [-11.5, -29.5, 5.75]]
	  },
      "base" : {
        "rotation": [[0, 0, 0], [0, 0, 0], [0, 0, 0]]
      },
      "mid1" : {
        "rotation": [[17.75, -9.5, -3.0], [17.5, 0, 0], [17.75, 9.5, 3.0]],
		"translate": [[0, 0.25, -0.25], [0, 0.25, -0.25], [0, 0.25, -0.25]]
      },
      "mid2" : {
        "rotation": [[25.25, -9.0, -4.25], [25, 0, 0], [25.25, 9.0, 4.25]],
		"translate": [[0, 0, -0.5], [0, 0, -0.5], [0, 0, -0.5]]
      },
      "end" : {
        "rotation": [[-10, -9.75, 1.75], [-10, 0, 0], [-10, 9.75, 1.75]],
		"translate": [[0, 0, -0.25], [0, 0, -0.25], [0, 0, -0.25]]
      }
    }
  },
  "fly_idle" : {
    "animation_length" : 3,
    "animation_speed" : 0.20,
    "additional" : true,
    "bones" : {
      "tail" : {
        "rotation": [[-45.75, 8, -9.5], [-50, 0, 0], [-45.75, -8, 9.5]]
	  },
      "base" : {
        "rotation": [[0, 0, 0], [0, 0, 0], [0, 0, 0]]
      },
      "mid1" : {
        "rotation": [[10, 5, 1], [10, 0, 0], [10, -5, -1]],
		"translate": [[0, 0.5, -0.25], [0, 0.5, -0.25], [0, 0.5, -0.25]]
      },
      "mid2" : {
        "rotation": [[25.25, 9, 4.25], [25, 0, 0], [25.25, -9, -4.25]],
		"translate": [[0, 0, -0.5], [0, 0, -0.5], [0, 0, -0.5]]
      },
      "end" : {
        "rotation": [[41.75, 15, 13], [40, 0, 0], [41.75, -15, -13]],
		"translate": [[0, -0.25, -0.5], [0, -0.25, -0.5], [0, -0.25, -0.5]]
      }
    }
  },
  "wag" : {
    "animation_length" : 3,
    "animation_speed" : 3,
    "additional" : true,
    "bones" : {
      "tail" : {
        "rotation": [[-11.5, 29.5, -5.75], [-20, 0, 0], [-11.5, -29.5, 5.75]]
	  },
      "base" : {
        "rotation": [[0, 0, 0], [0, 0, 0], [0, 0, 0]]
      },
      "mid1" : {
        "rotation": [[17.75, -9.5, -3.0], [17.5, 0, 0], [17.75, 9.5, 3.0]],
		"translate": [[0, 0.25, -0.25], [0, 0.25, -0.25], [0, 0.25, -0.25]]
      },
      "mid2" : {
        "rotation": [[25.25, -9.0, -4.25], [25, 0, 0], [25.25, 9.0, 4.25]],
		"translate": [[0, 0, -0.5], [0, 0, -0.5], [0, 0, -0.5]]
      },
      "end" : {
        "rotation": [[-10, -9.75, 1.75], [-10, 0, 0], [-10, 9.75, 1.75]],
		"translate": [[0, 0, -0.25], [0, 0, -0.25], [0, 0, -0.25]]
      }
    }
  },
  "sleep" : {
    "animation_length" : 1,
    "animation_speed" : 1,
    "additional" : true,
    "bones" : {
      "tail" : {
        "rotation": [[-3, 68.75, 21]],
		"translate": [[1, 0, 1.5]]
	  },
      "base" : {
        "rotation": [[-24.75, 0.25, -17.75]]
      },
      "mid1" : {
        "rotation": [[-19.5, 51, 20]],
		"translate": [[0, 0.5, -1]]
      },
      "mid2" : {
        "rotation": [[-46.75, 45.25, 19.75]],
		"translate": [[0.25, 0.5, -0.5]]
      },
      "end" : {
        "rotation": [[-27.5, -17.25, 8.5]],
		"translate": [[0, 0, -0.75]]
      }
    }
  },
  "crawl" : {
    "animation_length" : 3,
    "animation_speed" : 1,
    "additional" : true,
    "bones" : {
      "tail" : {
        "rotation": [[-76.5, 29.5, -5.75], [-85, 0, 0], [-76.5, -29.5, 5.75]],
		"translate": [[0, 0, 1.5], [0, 0, 1.5], [0, 0, 1.5]]
	  },
      "base" : {
        "rotation": [[0, 0, 0], [0, 0, 0], [0, 0, 0]]
      },
      "mid1" : {
        "rotation": [[17.75, -9.5, -3.0], [17.5, 0, 0], [17.75, 9.5, 3.0]],
		"translate": [[0, 0.25, -0.25], [0, 0.25, -0.25], [0, 0.25, -0.25]]
      },
      "mid2" : {
        "rotation": [[25.25, -9.0, -4.25], [25, 0, 0], [25.25, 9.0, 4.25]],
		"translate": [[0, 0, -0.5], [0, 0, -0.5], [0, 0, -0.5]]
      },
      "end" : {
        "rotation": [[-10, -9.75, 1.75], [-10, 0, 0], [-10, 9.75, 1.75]],
		"translate": [[0, 0, -0.25], [0, 0, -0.25], [0, 0, -0.25]]
      }
    }
  },
  "crouch" : {
    "animation_length" : 3,
    "animation_speed" : 1,
    "additional" : true,
    "bones" : {
      "tail" : {
        "rotation": [[-11.5, 29.5, -5.75], [-20, 0, 0], [-11.5, -29.5, 5.75]]
	  },
      "base" : {
        "rotation": [[0, 0, 0], [0, 0, 0], [0, 0, 0]]
      },
      "mid1" : {
        "rotation": [[17.75, -9.5, -3.0], [17.5, 0, 0], [17.75, 9.5, 3.0]],
		"translate": [[0, 0.25, -0.25], [0, 0.25, -0.25], [0, 0.25, -0.25]]
      },
      "mid2" : {
        "rotation": [[25.25, -9.0, -4.25], [25, 0, 0], [25.25, 9.0, 4.25]],
		"translate": [[0, 0, -0.5], [0, 0, -0.5], [0, 0, -0.5]]
      },
      "end" : {
        "rotation": [[-10, -9.75, 1.75], [-10, 0, 0], [-10, 9.75, 1.75]],
		"translate": [[0, 0, -0.25], [0, 0, -0.25], [0, 0, -0.25]]
      }
    }
  },
  "swim" : {
    "animation_length" : 3,
    "animation_speed" : 1,
    "additional" : true,
    "bones" : {
      "tail" : {
        "rotation": [[-71.5, 29.5, -5.75], [-80, 0, 0], [-71.5, -29.5, 5.75]],
		"translate": [[0, 0, 1.5], [0, 0, 1.5], [0, 0, 1.5]]
	  },
      "base" : {
        "rotation": [[0, 0, 0], [0, 0, 0], [0, 0, 0]]
      },
      "mid1" : {
        "rotation": [[17.75, -9.5, -3.0], [17.5, 0, 0], [17.75, 9.5, 3.0]],
		"translate": [[0, 0.25, -0.25], [0, 0.25, -0.25], [0, 0.25, -0.25]]
      },
      "mid2" : {
        "rotation": [[25.25, -9.0, -4.25], [25, 0, 0], [25.25, 9.0, 4.25]],
		"translate": [[0, 0, -0.5], [0, 0, -0.5], [0, 0, -0.5]]
      },
      "end" : {
        "rotation": [[-10, -9.75, 1.75], [-10, 0, 0], [-10, 9.75, 1.75]],
		"translate": [[0, 0, -0.25], [0, 0, -0.25], [0, 0, -0.25]]
      }
    }
  }
},
	"texture": "moreplayermodels:textures/longtail/fluffy_stripes.png",
	"body_part": "body",
	"menu": "Long Tails",
	"preview_rotation": 135,
	"translate": [0, -2.5, 11.5],
	"scale": [0.70, 0.70, 0.70],
	"rotate_offset": [0, -12, 0.0],
	"rotate": [0.0, 0, 0.0],
	"author": "Ruvy"
}