{
	"name": "Feathered Tail Color 2 (Long)",
	"parent": "moreplayermodels:parts/longtail/b_feather_a.json",
	"render_type": "bedrock",
	"hidden_parts": [none],
	"render_data" : {
	"format_version": "1.12.0",
	"minecraft:geometry": [
		{
			"description": {
				"identifier": "geometry.base",
				"texture_width": 128,
				"texture_height": 128,
				"visible_bounds_width": 4,
				"visible_bounds_height": 3,
				"visible_bounds_offset": [0, 0.5, 0]
			},
			"bones": [
				{
					"name": "tail",
					"pivot": [0, 1, -15]
				},
				{
					"name": "base",
					"parent": "tail",
					"pivot": [0, 1, -15],
					"cubes": [
						{"origin": [0.5, 1.25, -15], "size": [6, 0, 12], "pivot": [3.5, 1.25, -9], "rotation": [1.03509, 22.47741, 2.70569], "uv": [62, 8]},
						{"origin": [-6.5, 1.25, -15], "size": [6, 0, 12], "pivot": [-3.5, 1.25, -9], "rotation": [1.03509, -22.47741, -2.70569], "uv": [36, 8]}
					]
				},
				{
					"name": "mid1",
					"parent": "base",
					"pivot": [0, 1, -7],
					"cubes": [
						{"origin": [-0.025, 1, -7], "size": [4, 0, 10], "pivot": [2, 1, -1], "rotation": [0, 0, 10], "uv": [99, 30]},
						{"origin": [-3.975, 1, -7], "size": [4, 0, 10], "pivot": [-2, 1, -1], "rotation": [0, 0, -10], "uv": [15, 47]}
					]
				},
				{
					"name": "mid2",
					"parent": "mid1",
					"pivot": [0, 1, 1],
					"cubes": [
						{"origin": [0, 0.75, 1], "size": [3, 0, 10], "pivot": [2, 1, 5], "rotation": [0, 0, 10], "uv": [97, 4]},
						{"origin": [-3, 0.75, 1], "size": [3, 0, 10], "pivot": [-2, 1, 5], "rotation": [0, 0, -10], "uv": [77, 32]}
					]
				}
			]
		}
	]
},
	"texture": "moreplayermodels:textures/longtail/feather_base.png",
	"body_part": "body",
	"menu": "♥ Long Tails 2",
	"animation_inherit": "longtail",
	"preview_rotation": 135,
	"translate": [0, -4, 14],
	"scale": [1, 1, 1],
	"rotate_offset": [0, -12, 0.0],
	"rotate": [10, 0, 0.0],
	"author": "Ruvy"
}