{
	"name": "Fluffy Tail Stripes",
	"parent": "moreplayermodels:parts/longtail/b_feline_stripes.json",
	"render_type": "bedrock",
	"hidden_parts": [none],
	"render_data" : {
	"format_version": "1.12.0",
	"minecraft:geometry": [
		{
			"description": {
				"identifier": "geometry.base",
				"texture_width": 64,
				"texture_height": 64,
				"visible_bounds_width": 4,
				"visible_bounds_height": 3,
				"visible_bounds_offset": [0, 0.5, 0]
			},
			"bones": [
				{
					"name": "tail",
					"pivot": [0, 0, -16]
				},
				{
					"name": "base",
					"parent": "tail",
					"pivot": [0, 0, -16],
					"cubes": [
						{"origin": [-1.5, -1.5, -16], "size": [3, 3, 8], "inflate": 0.025, "uv": [0, 0]},
						{"origin": [-1.5, 14.54185, -11.46037], "size": [3, 0, 5], "inflate": 0.025, "pivot": [0, 6.04185, 4.53963], "rotation": [42.5, 0, 0], "uv": [29, 39]},
						{"origin": [-1.5, -14.54259, -11.46105], "size": [3, 0, 5], "inflate": 0.025, "pivot": [0, -6.04259, 4.53895], "rotation": [-42.5, 0, 0], "uv": [29, 39]},
						{"origin": [-14.54259, -1.5, -11.46105], "size": [0, 3, 5], "inflate": 0.025, "pivot": [-6.04259, 0, 4.53895], "rotation": [0, -42.5, 0], "uv": [29, 39], "mirror": true},
						{"origin": [14.54185, -1.5, -11.46037], "size": [0, 3, 5], "inflate": 0.025, "pivot": [6.04185, 0, 4.53963], "rotation": [0, 42.5, 0], "uv": [29, 39]},
						{"origin": [1.85219, -1.5, -10.94573], "size": [0, 3, 5], "inflate": 0.025, "pivot": [-0.00037, -0.00037, -11.14375], "rotation": [0, 42.5, 45], "uv": [29, 39], "mirror": true},
						{"origin": [-1.5, 1.85219, -10.94573], "size": [3, 0, 5], "inflate": 0.025, "pivot": [-0.00037, -0.00037, -11.14375], "rotation": [42.5, 0, 45], "uv": [29, 39]},
						{"origin": [-1.85339, -1.5, -10.94623], "size": [0, 3, 5], "inflate": 0.025, "pivot": [-0.00037, -0.00037, -11.14375], "rotation": [0, -42.5, 45], "uv": [29, 39], "mirror": true},
						{"origin": [-1.5, -1.85339, -10.94623], "size": [3, 0, 5], "inflate": 0.025, "pivot": [-0.00037, -0.00037, -11.14375], "rotation": [-42.5, 0, 45], "uv": [29, 39]},
						{"origin": [-1.5, 2.60364, -9.90351], "size": [3, 0, 5], "inflate": 0.025, "pivot": [-0.00037, -0.00037, -9.28147], "rotation": [42.5, 0, 22.5], "uv": [29, 39]},
						{"origin": [-1.5, 2.09694, -9.35055], "size": [3, 0, 5], "inflate": 0.025, "pivot": [-0.00037, -0.00037, -9.28147], "rotation": [42.5, 0, 67.5], "uv": [29, 39]},
						{"origin": [-2.09814, -1.5, -9.35105], "size": [0, 3, 5], "inflate": 0.025, "pivot": [-0.00037, -0.00037, -9.28147], "rotation": [0, -42.5, 67.5], "uv": [29, 39], "mirror": true},
						{"origin": [-2.60483, -1.5, -9.90401], "size": [0, 3, 5], "inflate": 0.025, "pivot": [-0.00037, -0.00037, -9.28147], "rotation": [0, -42.5, 22.5], "uv": [29, 39], "mirror": true},
						{"origin": [-1.5, -2.09814, -9.35105], "size": [3, 0, 5], "inflate": 0.025, "pivot": [-0.00037, -0.00037, -9.28147], "rotation": [-42.5, 0, 67.5], "uv": [29, 39], "mirror": true},
						{"origin": [-1.5, -2.60483, -9.90401], "size": [3, 0, 5], "inflate": 0.025, "pivot": [-0.00037, -0.00037, -9.28147], "rotation": [-42.5, 0, 22.5], "uv": [29, 39]},
						{"origin": [2.09694, -1.5, -9.35055], "size": [0, 3, 5], "inflate": 0.025, "pivot": [-0.00037, -0.00037, -9.28147], "rotation": [0, 42.5, 67.5], "uv": [29, 39], "mirror": true},
						{"origin": [2.60364, -1.5, -9.90351], "size": [0, 3, 5], "inflate": 0.025, "pivot": [-0.00037, -0.00037, -9.28147], "rotation": [0, 42.5, 22.5], "uv": [29, 39]}
					]
				},
				{
					"name": "mid1",
					"parent": "base",
					"pivot": [0, 0, -8],
					"cubes": [
						{"origin": [-1.5, -1, -8], "size": [3, 2, 8], "inflate": 0.025, "uv": [0, 12]},
						{"origin": [-1.5, 4.25794, -2.66714], "size": [3, 0, 7], "inflate": 0.025, "pivot": [0, -4.24206, 0.33286], "rotation": [35, 0, 0], "uv": [12, 29]},
						{"origin": [-1.5, -4.25794, -2.66714], "size": [3, 0, 7], "inflate": 0.025, "pivot": [0, 4.24206, 0.33286], "rotation": [-35, 0, 0], "uv": [12, 29]},
						{"origin": [-4.25794, -1.5, -2.66714], "size": [0, 3, 7], "inflate": 0.025, "pivot": [4.24206, 0, 0.33286], "rotation": [0, -35, 0], "uv": [12, 29], "mirror": true},
						{"origin": [4.25794, -1.5, -2.66714], "size": [0, 3, 7], "inflate": 0.025, "pivot": [-4.24206, 0, 0.33286], "rotation": [0, 35, 0], "uv": [12, 29]},
						{"origin": [-2.22869, -1.5, -5.982], "size": [0, 3, 7], "inflate": 0.025, "pivot": [0, 0, -4.54254], "rotation": [0, -35, -45], "uv": [12, 29]},
						{"origin": [-1.5, 2.22869, -5.982], "size": [3, 0, 7], "inflate": 0.025, "pivot": [0, 0, -4.54254], "rotation": [35, 0, -45], "uv": [12, 29]},
						{"origin": [2.22869, -1.5, -5.982], "size": [0, 3, 7], "inflate": 0.025, "pivot": [0, 0, -4.54254], "rotation": [0, 35, -45], "uv": [12, 29]},
						{"origin": [-1.5, -2.22869, -5.982], "size": [3, 0, 7], "inflate": 0.025, "pivot": [0, 0, -4.54254], "rotation": [-35, 0, -45], "uv": [12, 29]},
						{"origin": [-2.46361, -1.5, -3.90793], "size": [0, 3, 7], "inflate": 0.025, "pivot": [0, 0, -2.13297], "rotation": [0, -35, -22.5], "uv": [12, 29]},
						{"origin": [-1.5, 2.46361, -3.90793], "size": [3, 0, 7], "inflate": 0.025, "pivot": [0, 0, -2.13297], "rotation": [35, 0, -22.5], "uv": [12, 29]},
						{"origin": [2.46361, -1.5, -3.90793], "size": [0, 3, 7], "inflate": 0.025, "pivot": [0, 0, -2.13297], "rotation": [0, 35, -22.5], "uv": [12, 29]},
						{"origin": [-1.5, -2.46361, -3.90793], "size": [3, 0, 7], "inflate": 0.025, "pivot": [0, 0, -2.13297], "rotation": [-35, 0, -22.5], "uv": [12, 29]},
						{"origin": [-1.5, 2.46361, -3.90793], "size": [3, 0, 7], "inflate": 0.025, "pivot": [0, 0, -2.13297], "rotation": [35, 0, 22.5], "uv": [12, 29]},
						{"origin": [-1.5, -2.46361, -3.90793], "size": [3, 0, 7], "inflate": 0.025, "pivot": [0, 0, -2.13297], "rotation": [-35, 0, 22.5], "uv": [12, 29]},
						{"origin": [-2.46361, -1.5, -3.90793], "size": [0, 3, 7], "inflate": 0.025, "pivot": [0, 0, -2.13297], "rotation": [0, -35, 22.5], "uv": [12, 29], "mirror": true},
						{"origin": [2.46361, -1.5, -3.90793], "size": [0, 3, 7], "inflate": 0.025, "pivot": [0, 0, -2.13297], "rotation": [0, 35, 22.5], "uv": [12, 29]}
					]
				},
				{
					"name": "mid2",
					"parent": "mid1",
					"pivot": [0, 0, 0],
					"cubes": [
						{"origin": [-1, -1, 0], "size": [2, 2, 8], "inflate": 0.025, "uv": [15, 4]},
						{"origin": [-1.5, 3.06424, 3.31118], "size": [3, 0, 7], "inflate": 0.025, "pivot": [-0.5, -5.43576, 6.31118], "rotation": [25, 0, 0], "uv": [12, 29]},
						{"origin": [-1.5, -3.06424, 3.31118], "size": [3, 0, 7], "inflate": 0.025, "pivot": [-0.5, 5.43576, 6.31118], "rotation": [-25, 0, 0], "uv": [12, 29]},
						{"origin": [-3.06424, -1.5, 3.31118], "size": [0, 3, 7], "inflate": 0.025, "pivot": [5.43576, 0.5, 6.31118], "rotation": [0, -25, 0], "uv": [12, 29], "mirror": true},
						{"origin": [3.06424, -1.5, 3.31118], "size": [0, 3, 7], "inflate": 0.025, "pivot": [-5.43576, 0.5, 6.31118], "rotation": [0, 25, 0], "uv": [12, 29]},
						{"origin": [-2.24689, -1.5, 0.71982], "size": [0, 3, 7], "inflate": 0.025, "pivot": [0, 0, 3.17208], "rotation": [0, -25, -45], "uv": [12, 29]},
						{"origin": [2.24689, -1.5, 0.71982], "size": [0, 3, 7], "inflate": 0.025, "pivot": [0, 0, 3.17208], "rotation": [0, 25, -45], "uv": [12, 29]},
						{"origin": [-1.5, -2.24689, 0.71982], "size": [3, 0, 7], "inflate": 0.025, "pivot": [0, 0, 3.17208], "rotation": [-25, 0, -45], "uv": [12, 29]},
						{"origin": [-1.5, 2.24689, 0.71982], "size": [3, 0, 7], "inflate": 0.025, "pivot": [0, 0, 3.17208], "rotation": [25, 0, -45], "uv": [12, 29]},
						{"origin": [-1.5, 2.24689, 2.71982], "size": [3, 0, 7], "inflate": 0.025, "pivot": [0, 0, 5.17208], "rotation": [25, 0, 22.5], "uv": [12, 29]},
						{"origin": [-1.5, -2.24689, 2.71982], "size": [3, 0, 7], "inflate": 0.025, "pivot": [0, 0, 5.17208], "rotation": [-25, 0, 22.5], "uv": [12, 29]},
						{"origin": [-2.24689, -1.5, 2.71982], "size": [0, 3, 7], "inflate": 0.025, "pivot": [0, 0, 5.17208], "rotation": [0, -25, 22.5], "uv": [12, 29], "mirror": true},
						{"origin": [2.24689, -1.5, 2.71982], "size": [0, 3, 7], "inflate": 0.025, "pivot": [0, 0, 5.17208], "rotation": [0, 25, 22.5], "uv": [12, 29]},
						{"origin": [-2.24689, -1.5, 2.71982], "size": [0, 3, 7], "inflate": 0.025, "pivot": [0, 0, 5.17208], "rotation": [0, -25, -22.5], "uv": [12, 29]},
						{"origin": [2.24689, -1.5, 2.71982], "size": [0, 3, 7], "inflate": 0.025, "pivot": [0, 0, 5.17208], "rotation": [0, 25, -22.5], "uv": [12, 29]},
						{"origin": [-1.5, -2.24689, 2.71982], "size": [3, 0, 7], "inflate": 0.025, "pivot": [0, 0, 5.17208], "rotation": [-25, 0, -22.5], "uv": [12, 29]},
						{"origin": [-1.5, 2.24689, 2.71982], "size": [3, 0, 7], "inflate": 0.025, "pivot": [0, 0, 5.17208], "rotation": [25, 0, -22.5], "uv": [12, 29]}
					]
				},
				{
					"name": "end",
					"parent": "mid2",
					"pivot": [0, 0, 8],
					"cubes": [
						{"origin": [-0.5, -0.5, 8], "size": [1, 1, 5], "inflate": 0.025, "uv": [26, 23]},
						{"origin": [-1, 1.19383, 10.26071], "size": [2, 0, 5], "inflate": 0.025, "pivot": [0, 0, 12.38429], "rotation": [17.5, 0, 0], "uv": [20, 48]},
						{"origin": [-1, -1.19383, 10.26071], "size": [2, 0, 5], "inflate": 0.025, "pivot": [0, 0, 12.38429], "rotation": [-17.5, 0, 0], "uv": [20, 48]},
						{"origin": [-1.19383, -1, 10.26071], "size": [0, 2, 5], "inflate": 0.025, "pivot": [0, 0, 12.38429], "rotation": [0, -17.5, 0], "uv": [20, 48]},
						{"origin": [1.19383, -1, 10.26071], "size": [0, 2, 5], "inflate": 0.025, "pivot": [0, 0, 12.38429], "rotation": [0, 17.5, 0], "uv": [20, 48]},
						{"origin": [-1.19383, -1, 10.26071], "size": [0, 2, 5], "inflate": 0.025, "pivot": [0, 0, 12.38429], "rotation": [0, -17.5, -45], "uv": [20, 48]},
						{"origin": [1.19383, -1, 10.26071], "size": [0, 2, 5], "inflate": 0.025, "pivot": [0, 0, 12.38429], "rotation": [0, 17.5, -45], "uv": [20, 48]},
						{"origin": [-1, 1.19383, 10.26071], "size": [2, 0, 5], "inflate": 0.025, "pivot": [0, 0, 12.38429], "rotation": [17.5, 0, -45], "uv": [20, 48]},
						{"origin": [-1, -1.19383, 10.26071], "size": [2, 0, 5], "inflate": 0.025, "pivot": [0, 0, 12.38429], "rotation": [-17.5, 0, -45], "uv": [20, 48]},
						{"origin": [-1, 0.75454, 12.58223], "size": [2, 0, 4], "inflate": 0.025, "pivot": [0, 0, 14.48289], "rotation": [7.5, 0, 22.5], "uv": [16, 44]},
						{"origin": [-1, -0.75454, 12.58223], "size": [2, 0, 4], "inflate": 0.025, "pivot": [0, 0, 14.48289], "rotation": [-7.5, 0, 22.5], "uv": [16, 44]},
						{"origin": [-0.75454, -1, 12.58223], "size": [0, 2, 4], "inflate": 0.025, "pivot": [0, 0, 14.48289], "rotation": [0, -7.5, 22.5], "uv": [16, 44], "mirror": true},
						{"origin": [0.75454, -1, 12.58223], "size": [0, 2, 4], "inflate": 0.025, "pivot": [0, 0, 14.48289], "rotation": [0, 7.5, 22.5], "uv": [16, 44]},
						{"origin": [-0.75454, -1, 12.58223], "size": [0, 2, 4], "inflate": 0.025, "pivot": [0, 0, 14.48289], "rotation": [0, -7.5, -22.5], "uv": [16, 44]},
						{"origin": [0.75454, -1, 12.58223], "size": [0, 2, 4], "inflate": 0.025, "pivot": [0, 0, 14.48289], "rotation": [0, 7.5, -22.5], "uv": [16, 44]},
						{"origin": [-1, 0.75454, 12.58223], "size": [2, 0, 4], "inflate": 0.025, "pivot": [0, 0, 14.48289], "rotation": [7.5, 0, -22.5], "uv": [16, 44]},
						{"origin": [-1, -0.75454, 12.58223], "size": [2, 0, 4], "inflate": 0.025, "pivot": [0, 0, 14.48289], "rotation": [-7.5, 0, -22.5], "uv": [16, 44]}
					]
				}
			]
		}
	]
},
	"texture": "moreplayermodels:textures/longtail/fluffy_stripes.png",
	"body_part": "body",
	"menu": "♥ Long Tails",
	"animation_inherit": "longtail",
	"preview_rotation": 135,
	"translate": [0, -4, 14],
	"scale": [1, 1, 1],
	"rotate_offset": [0, -12, 0.0],
	"rotate": [10, 0, 0.0],
	"author": "Ruvy"
}