{
	"name": "Feathered Tail Color 3 (Extra Long)",
	"parent": "moreplayermodels:parts/longtail/c_feather_a.json",
	"render_type": "bedrock",
	"hidden_parts": [none],
	"render_data" : {
	"format_version": "1.12.0",
	"minecraft:geometry": [
		{
			"description": {
				"identifier": "geometry.base",
				"texture_width": 128,
				"texture_height": 128,
				"visible_bounds_width": 4,
				"visible_bounds_height": 3,
				"visible_bounds_offset": [0, 0.5, 0]
			},
			"bones": [
				{
					"name": "tail",
					"pivot": [0, 1, -15]
				},
				{
					"name": "base",
					"parent": "tail",
					"pivot": [0, 1, -15],
					"cubes": [
						{"origin": [-2.07601, 0.16665, -14.77747], "size": [10, 0, 14], "pivot": [2.92399, 0.16665, -7.77747], "rotation": [-3.96247, 22.69537, 2.69965], "uv": [-13, 8]},
						{"origin": [-7.92399, 0.16665, -14.77747], "size": [10, 0, 14], "pivot": [-2.92399, 0.16665, -7.77747], "rotation": [-3.96247, -22.69537, -2.69965], "uv": [10, 8]}
					]
				},
				{
					"name": "mid1",
					"parent": "base",
					"pivot": [0, 1, -7],
					"cubes": [
						{"origin": [-6.02171, 0.36096, -7.00417], "size": [6, 0, 12], "pivot": [-3.02171, 0.36096, -1.00417], "rotation": [-2.52601, -12.92224, -9.4441], "uv": [5, 29]},
						{"origin": [0.02171, 0.36096, -7.00417], "size": [6, 0, 12], "pivot": [3.02171, 0.36096, -1.00417], "rotation": [-2.52601, 12.92224, 9.4441], "uv": [-10, 29]}
					]
				},
				{
					"name": "mid2",
					"parent": "mid1",
					"pivot": [0, 1, 1],
					"cubes": [
						{"origin": [0.11318, 0.4076, 1], "size": [4, 0, 11], "pivot": [1.91318, 0.5076, 6], "rotation": [1.31845, 9.91358, 17.61435], "uv": [0, 46]},
						{"origin": [-4.11318, 0.4076, 1], "size": [4, 0, 11], "pivot": [-1.91318, 0.5076, 6], "rotation": [1.31845, -9.91358, -17.61435], "uv": [24, 29]}
					]
				},
				{
					"name": "end",
					"parent": "mid2",
					"pivot": [0, 1, 9],
					"cubes": [
						{"origin": [0.5767, -0.06642, 9], "size": [2, 0, 10], "pivot": [1.0767, 0.33358, 15], "rotation": [-3.24622, 9.84655, 30.15108], "uv": [88, 4]},
						{"origin": [-2.5767, -0.06642, 9], "size": [2, 0, 10], "pivot": [-1.0767, 0.33358, 15], "rotation": [-3.24622, -9.84655, -30.15108], "uv": [108, 16]}
					]
				}
			]
		}
	]
},
	"texture": "moreplayermodels:textures/longtail/feather_base.png",
	"body_part": "body",
	"menu": "♥ Long Tails 2",
	"animation_inherit": "longtail",
	"preview_rotation": 135,
	"translate": [0, -4, 14],
	"scale": [1, 1, 1],
	"rotate_offset": [0, -12, 0.0],
	"rotate": [10, 0, 0.0],
	"author": "Ruvy"
}