{
	"name": "Feathered Tail Color 3 (Short)",
	"render_type": "bedrock",
	"hidden_parts": [none],
	"render_data" : {
	"format_version": "1.12.0",
	"minecraft:geometry": [
		{
			"description": {
				"identifier": "geometry.base",
				"texture_width": 128,
				"texture_height": 128,
				"visible_bounds_width": 4,
				"visible_bounds_height": 3,
				"visible_bounds_offset": [0, 0.5, 0]
			},
			"bones": [
				{
					"name": "tail",
					"pivot": [0, 1, -15]
				},
				{
					"name": "base",
					"parent": "tail",
					"pivot": [0, 1, -15],
					"cubes": [
						{"origin": [-2.07601, 0.16665, -14.77747], "size": [10, 0, 14], "pivot": [2.92399, 0.16665, -7.77747], "rotation": [-3.96247, 22.69537, 2.69965], "uv": [-13, 8]},
						{"origin": [-7.92399, 0.16665, -14.77747], "size": [10, 0, 14], "pivot": [-2.92399, 0.16665, -7.77747], "rotation": [-3.96247, -22.69537, -2.69965], "uv": [10, 8]}
					]
				}
			]
		}
	]
},
	"texture": "moreplayermodels:textures/longtail/feather_base.png",
	"body_part": "body",
	"menu": "♥ Long Tails 2",
	"animation_inherit": "longtail",
	"preview_rotation": 135,
	"translate": [0, -4, 14],
	"scale": [1, 1, 1],
	"rotate_offset": [0, -12, 0.0],
	"rotate": [10, 0, 0.0],
	"author": "Ruvy"
}