{
	"name": "Feathered Tail Color 4 (Medium)",
	"render_type": "bedrock",
	"hidden_parts": [none],
	"render_data" : {
	"format_version": "1.12.0",
	"minecraft:geometry": [
		{
			"description": {
				"identifier": "geometry.base",
				"texture_width": 128,
				"texture_height": 128,
				"visible_bounds_width": 4,
				"visible_bounds_height": 3,
				"visible_bounds_offset": [0, 0.5, 0]
			},
			"bones": [
				{
					"name": "tail",
					"pivot": [0, 1, -15]
				},
				{
					"name": "base",
					"parent": "tail",
					"pivot": [0, 1, -15]
				},
				{
					"name": "mid1",
					"parent": "base",
					"pivot": [0, 1, -7],
					"cubes": [
						{"origin": [0.5, -0.75, -7], "size": [0, 2, 9], "pivot": [0.5, 0, -3], "rotation": [-6.93488, -2.86313, -22.32648], "uv": [97, 12]},
						{"origin": [-0.5, -0.75, -7], "size": [0, 2, 9], "pivot": [-0.5, 0, -3], "rotation": [-6.93488, 2.86313, 22.32648], "uv": [73, 45]}
					]
				}
			]
		}
	]
},
	"texture": "moreplayermodels:textures/longtail/feather_base.png",
	"body_part": "body",
	"menu": "♥ Long Tails 2",
	"animation_inherit": "longtail",
	"preview_rotation": 135,
	"translate": [0, -4, 14],
	"scale": [1, 1, 1],
	"rotate_offset": [0, -12, 0.0],
	"rotate": [10, 0, 0.0],
	"author": "Ruvy"
}