{
	"name": "Cheek_Fur",
	"render_type": "bedrock",
	"hidden_parts": [],
	"render_data" : {
	"format_version": "1.12.0",
	"minecraft:geometry": [
		{
			"description": {
				"identifier": "geometry.unknown",
				"texture_width": 32,
				"texture_height": 32,
				"visible_bounds_width": 3,
				"visible_bounds_height": 3.5,
				"visible_bounds_offset": [0, 1.25, 0]
			},
			"bones": [
				{
					"name": "cheek_fluff",
					"pivot": [0, 0, 0]
				},
				{
					"name": "bone149",
					"parent": "cheek_fluff",
					"pivot": [-3.5, 26.5, -2.5],
					"rotation": [0, 30, -25],
					"cubes": [
						{"origin": [-6.5, 25, -2.5], "size": [4, 4, 0], "uv": [10, 0]}
					]
				},
				{
					"name": "bone123",
					"parent": "bone149",
					"pivot": [-4, 26.5, -2],
					"cubes": [
						{"origin": [-8, 24.5, -2], "size": [5, 5, 0], "uv": [0, 5]}
					]
				},
				{
					"name": "bone125",
					"parent": "cheek_fluff",
					"pivot": [3.5, 26.5, -2.5],
					"rotation": [0, -30, 25],
					"cubes": [
						{"origin": [2.5, 25, -2.5], "size": [4, 4, 0], "uv": [0, 10]}
					]
				},
				{
					"name": "bone127",
					"parent": "bone125",
					"pivot": [4, 26.5, -2],
					"cubes": [
						{"origin": [3, 24.5, -2], "size": [5, 5, 0], "uv": [0, 0]}
					]
				}
			]
		}
	]
},
	"texture": "moreplayermodels:textures/cheekfluff.png",
	"body_part": "head",
	"menu": "CORVUS_Extra",
	"parent":"moreplayermodels:parts/corvus_extra/cheekfluff1.json",
	"preview_rotation": 315,
	"translate": [0, 12, 0],
	"scale": [1.0, 1.0, 1.0],
	"rotate_offset": [0, -12, 0.0],
	"rotate": [0.0, 0, 0.0],
	"can_use_player_skin" : true,
	"author": "nymphbat"
}