{
	"name": "Eyebrow_Feathers",
	"render_type": "bedrock",
	"hidden_parts": [],
	"render_data" : {
	"format_version": "1.12.0",
	"minecraft:geometry": [
		{
			"description": {
				"identifier": "geometry.unknown",
				"texture_width": 16,
				"texture_height": 16,
				"visible_bounds_width": 2,
				"visible_bounds_height": 3.5,
				"visible_bounds_offset": [0, 1.25, 0]
			},
			"bones": [
				{
					"name": "eyebrows_feather",
					"pivot": [0, 0, 0]
				},
				{
					"name": "bone76",
					"parent": "eyebrows_feather",
					"pivot": [1, 28.5, -4],
					"rotation": [20, 7.5, -15],
					"cubes": [
						{"origin": [1, 28.5, -4], "size": [4, 2, 0], "uv": [0, 2]}
					]
				},
				{
					"name": "bone40",
					"parent": "bone76",
					"pivot": [5, 28.5, -4],
					"rotation": [0, -20, 0],
					"cubes": [
						{"origin": [5, 28.5, -4], "size": [2, 2, 0], "uv": [4, 6]}
					]
				},
				{
					"name": "bone41",
					"parent": "bone40",
					"pivot": [7, 28.5, -4],
					"rotation": [0, -30, 0],
					"cubes": [
						{"origin": [7, 28.5, -4], "size": [2, 2, 0], "uv": [0, 6]}
					]
				},
				{
					"name": "bone42",
					"parent": "eyebrows_feather",
					"pivot": [-1, 28.5, -4],
					"rotation": [20, -7.5, 15],
					"cubes": [
						{"origin": [-5, 28.5, -4], "size": [4, 2, 0], "uv": [0, 0]}
					]
				},
				{
					"name": "bone43",
					"parent": "bone42",
					"pivot": [-5, 28.5, -4],
					"rotation": [0, 20, 0],
					"cubes": [
						{"origin": [-7, 28.5, -4], "size": [2, 2, 0], "uv": [4, 4]}
					]
				},
				{
					"name": "bone45",
					"parent": "bone43",
					"pivot": [-7, 28.5, -4],
					"rotation": [0, 30, 0],
					"cubes": [
						{"origin": [-9, 28.5, -4], "size": [2, 2, 0], "uv": [0, 4]}
					]
				}
			]
		}
	]
	},
	"texture": "moreplayermodels:textures/eyebrows_feather.png",
	"body_part": "head",
	"menu": "CORVUS_Extra",
	"preview_rotation": 315,
	"translate": [0, 12, 0],
	"scale": [1.0, 1.0, 1.0],
	"rotate_offset": [0, -12, 0.0],
	"rotate": [0.0, 0, 0.0],
	"can_use_player_skin" : true,
	"author": "nymphbat"
}