{
	"name": "Whiskers",
	"render_type": "bedrock",
	"hidden_parts": [],
	"render_data" : {
	"format_version": "1.12.0",
	"minecraft:geometry": [
		{
			"description": {
				"identifier": "geometry.unknown",
				"texture_width": 16,
				"texture_height": 16,
				"visible_bounds_width": 3,
				"visible_bounds_height": 3.5,
				"visible_bounds_offset": [0, 1.25, 0]
			},
			"bones": [
				{
					"name": "whiskers",
					"pivot": [0, 0, 0]
				},
				{
					"name": "bone332",
					"parent": "whiskers",
					"pivot": [0, 25, 0]
				},
				{
					"name": "bone329",
					"parent": "bone332",
					"pivot": [4, 26.5, -3.5],
					"rotation": [0, -25, 17.5],
					"cubes": [
						{"origin": [4, 25.5, -3.5], "size": [3, 1, 0], "uv": [0, 3]}
					]
				},
				{
					"name": "bone328",
					"parent": "bone329",
					"pivot": [7, 26.5, -3.5],
					"rotation": [0, -30, 0],
					"cubes": [
						{"origin": [7, 25.5, -3.5], "size": [3, 1, 0], "uv": [0, 2]}
					]
				},
				{
					"name": "bone330",
					"parent": "bone332",
					"pivot": [4, 27.5, -3.5],
					"rotation": [0, -35, 10],
					"cubes": [
						{"origin": [4, 26.5, -3.5], "size": [2, 1, 0], "uv": [4, 5]}
					]
				},
				{
					"name": "bone331",
					"parent": "bone330",
					"pivot": [6, 27.5, -3.5],
					"rotation": [0, -30, 0],
					"cubes": [
						{"origin": [6, 26.5, -3.5], "size": [2, 1, 0], "uv": [0, 5]}
					]
				},
				{
					"name": "bone333",
					"parent": "whiskers",
					"pivot": [0, 25, 0]
				},
				{
					"name": "bone334",
					"parent": "bone333",
					"pivot": [-4, 26.5, -3.5],
					"rotation": [0, 25, -17.5],
					"cubes": [
						{"origin": [-7, 25.5, -3.5], "size": [3, 1, 0], "uv": [0, 1]}
					]
				},
				{
					"name": "bone335",
					"parent": "bone334",
					"pivot": [-7, 26.5, -3.5],
					"rotation": [0, 30, 0],
					"cubes": [
						{"origin": [-10, 25.5, -3.5], "size": [3, 1, 0], "uv": [0, 0]}
					]
				},
				{
					"name": "bone336",
					"parent": "bone333",
					"pivot": [-4, 27.5, -3.5],
					"rotation": [0, 35, -10],
					"cubes": [
						{"origin": [-6, 26.5, -3.5], "size": [2, 1, 0], "uv": [4, 4]}
					]
				},
				{
					"name": "bone337",
					"parent": "bone336",
					"pivot": [-6, 27.5, -3.5],
					"rotation": [0, 30, 0],
					"cubes": [
						{"origin": [-8, 26.5, -3.5], "size": [2, 1, 0], "uv": [0, 4]}
					]
				}
			]
		}
	]
},
	"texture": "moreplayermodels:textures/whiskers.png",
	"body_part": "head",
	"menu": "CORVUS_Extra",
	"preview_rotation": 315,
	"translate": [0, 12, 0],
	"scale": [1.0, 1.0, 1.0],
	"rotate_offset": [0, -12, 0.0],
	"rotate": [0.0, 0, 0.0],
	"can_use_player_skin" : true,
	"author": "nymphbat"
}