{
	"name": "Claws",
	"render_type": "bedrock",
	"hidden_parts": [],
	"render_data" : {
	"format_version": "1.12.0",
	"minecraft:geometry": [
		{
			"description": {
				"identifier": "geometry.unknown",
				"texture_width": 16,
				"texture_height": 16,
				"visible_bounds_width": 3,
				"visible_bounds_height": 3.5,
				"visible_bounds_offset": [0, 1.25, 0]
			},
			"bones": [
				{
					"name": "right_arm",
					"pivot": [-5, 22, 0]
				},
				{
					"name": "bone",
					"parent": "right_arm",
					"pivot": [-7.42004, 12.55838, 0],
					"rotation": [0, 0, -15]
				},
				{
					"name": "bone228",
					"parent": "bone",
					"pivot": [-7.42004, 10.35838, -0.5],
					"cubes": [
						{"origin": [-8.45, 9.5, -1.5], "size": [2, 3, 0], "uv": [0, 3]}
					]
				},
				{
					"name": "bone226",
					"parent": "bone",
					"pivot": [-7.42004, 10.35838, 2.5],
					"cubes": [
						{"origin": [-8.45, 9.5, 1.5], "size": [2, 3, 0], "uv": [4, 3]}
					]
				},
				{
					"name": "bone227",
					"parent": "bone",
					"pivot": [-7.42004, 10.35838, 1.5],
					"cubes": [
						{"origin": [-8.45, 9.5, 0.45], "size": [2, 3, 0], "uv": [4, 0]}
					]
				},
				{
					"name": "bone229",
					"parent": "bone",
					"pivot": [-7.42004, 10.35838, 0.3],
					"cubes": [
						{"origin": [-8.45, 9.5, -0.45], "size": [2, 3, 0], "uv": [0, 0]}
					]
				},
				{
					"name": "left_arm",
					"pivot": [5, 22, 0]
				},
				{
					"name": "bone2",
					"parent": "left_arm",
					"pivot": [7.42004, 12.55838, 0],
					"rotation": [0, 0, 15]
				},
				{
					"name": "bone3",
					"parent": "bone2",
					"pivot": [7.42004, 10.35838, -0.5],
					"cubes": [
						{"origin": [6.45, 9.5, -1.5], "size": [2, 3, 0], "uv": [0, 3], "mirror": true}
					]
				},
				{
					"name": "bone4",
					"parent": "bone2",
					"pivot": [7.42004, 10.35838, 2.5],
					"cubes": [
						{"origin": [6.45, 9.5, 1.5], "size": [2, 3, 0], "uv": [4, 3], "mirror": true}
					]
				},
				{
					"name": "bone5",
					"parent": "bone2",
					"pivot": [7.42004, 10.35838, 1.5],
					"cubes": [
						{"origin": [6.45, 9.5, 0.45], "size": [2, 3, 0], "uv": [4, 0], "mirror": true}
					]
				},
				{
					"name": "bone6",
					"parent": "bone2",
					"pivot": [7.42004, 10.35838, 0.3],
					"cubes": [
						{"origin": [6.45, 9.5, -0.45], "size": [2, 3, 0], "uv": [0, 0], "mirror": true}
					]
				}
			]
		}
	]
},
	"texture": "moreplayermodels:textures/claws.png",
	"body_part": "arms",
	"menu": "CORVUS_Body",
	"animation_type": "arms",
	"preview_rotation": 45,
	"can_use_player_skin" : true,
	"author": "nymphbat"
}