{
	"name": "Beanie Hat (Slouch Back)",
	"parent": "moreplayermodels:parts/accessory/beanie.json",
	"render_type": "bedrock",
	"hidden_parts": [none],
	"render_data" : {
	"format_version": "1.12.0",
	"minecraft:geometry": [
		{
			"description": {
				"identifier": "geometry.unknown",
				"texture_width": 64,
				"texture_height": 64,
				"visible_bounds_width": 3,
				"visible_bounds_height": 2.5,
				"visible_bounds_offset": [0, 0.75, 0]
			},
			"bones": [
				{
					"name": "beanie_back",
					"pivot": [0, 1.15, -0.35],
					"rotation": [-22.5, 0, 0],
					"cubes": [
						{"origin": [-5, 1.15, -5.35], "size": [10, 3, 10], "uv": [0, 0]},
						{"origin": [-4.5, 3.15, -4.85], "size": [9, 3, 9], "pivot": [0, 1.65, -0.35], "rotation": [-7.5, 0, 0], "uv": [0, 14]},
						{"origin": [-3.5, 4.15, -3.85], "size": [7, 3, 7], "pivot": [1, 1.65, 0.65], "rotation": [-15, 0, 0], "uv": [0, 27]},
						{"origin": [-2, 4.15, -2.35], "size": [4, 4, 4], "pivot": [2.5, 1.65, 2.15], "rotation": [-22.5, 0, 0], "uv": [29, 14]},
						{"origin": [-1, 8.31421, 2.65], "size": [2, 2, 2], "pivot": [0, 9.31421, 3.65], "rotation": [-35.26439, 30, 35.26439], "uv": [0, 0]},
						{"origin": [-1, 8.31421, 2.65], "size": [2, 2, 2], "pivot": [0, 9.31421, 3.65], "rotation": [-90, 0, 0], "uv": [0, 5]}
					]
				}
			]
		}
	]
},
	"texture": "moreplayermodels:textures/accessory/beanie.png",
	"body_part": "head",
	"menu": "♥ Accessories",
	"preview_rotation": -45,
	"translate": [0, -4, 0],
	"rotate_offset": [0.0, 0.0, 0.0],
	"scale": [1.05, 1.05, 1.05],
	"rotate": [0.0, 0.0, 0.0],
	"author": "Ruvy"
}