{
	"name": "Bug_Wings",
	"render_type": "bedrock",
	"hidden_parts": [],
	"render_data" : {
	"format_version": "1.12.0",
	"minecraft:geometry": [
		{
			"description": {
				"identifier": "geometry.unknown",
				"texture_width": 32,
				"texture_height": 32,
				"visible_bounds_width": 3,
				"visible_bounds_height": 2.5,
				"visible_bounds_offset": [0, 0.75, 0]
			},
			"bones": [
				{
					"name": "bug_wing",
					"pivot": [0, 0, 0]
				},
				{
					"name": "left",
					"parent": "bug_wing",
					"pivot": [-0.25, 21, 2],
					"rotation": [15, 15, 15],
					"cubes": [
						{"origin": [-8.25, 4, 2], "size": [8, 17, 0], "uv": [16, 0]}
					]
				},
				{
					"name": "right",
					"parent": "bug_wing",
					"pivot": [0.25, 21, 2],
					"rotation": [15, -15, -15],
					"cubes": [
						{"origin": [0.25, 4, 2], "size": [8, 17, 0], "uv": [0, 0]}
					]
				}
			]
		}
	]
},
	"texture": "moreplayermodels:textures/bug_wings.png",
	"body_part": "body",
	"menu": "CORVUS_Wings",
	"animation_inherit" : "corvus_wings",
	"parent":"moreplayermodels:parts/corvus_wings/xo_bugwing.json",
	"preview_rotation": 135,
	"translate": [0, 12, 0],
	"scale": [1.0, 1.0, 1.0],
	"rotate_offset": [0, -12, 0.0],
	"rotate": [0.0, 0, 0.0],
	"can_use_player_skin" : true,
	"author": "nymphbat"
}