{
	"name": "wings_arm",
	"render_type": "bedrock",
	"hidden_parts": [],
	"render_data" : {
	"format_version": "1.12.0",
	"minecraft:geometry": [
		{
			"description": {
				"identifier": "geometry.unknown",
				"texture_width": 32,
				"texture_height": 32,
				"visible_bounds_width": 3,
				"visible_bounds_height": 3,
				"visible_bounds_offset": [0, 0.5, 0]
			},
			"bones": [
				{
					"name": "left_arm",
					"pivot": [5, 22, 0]
				},
				{
					"name": "wing",
					"parent": "left_arm",
					"pivot": [0, -2, 0],
					"cubes": [
						{"origin": [7.005, 16, 2], "size": [0, 6, 7], "uv": [0, 16], "mirror": true}
					]
				},
				{
					"name": "bone38",
					"parent": "wing",
					"pivot": [0, -8, 0],
					"cubes": [
						{"origin": [7, 10, 2], "size": [0, 6, 11], "uv": [0, 0], "mirror": true}
					]
				},
				{
					"name": "right_arm",
					"pivot": [-5, 22, 0]
				},
				{
					"name": "wing2",
					"parent": "right_arm",
					"pivot": [0, -2, 0],
					"cubes": [
						{"origin": [-7.005, 16, 2], "size": [0, 6, 7], "uv": [0, 16]}
					]
				},
				{
					"name": "bone2",
					"parent": "wing2",
					"pivot": [0, -8, 0],
					"cubes": [
						{"origin": [-7, 10, 2], "size": [0, 6, 11], "uv": [0, 0]}
					]
				}
			]
		}
	]
},
	"texture": "moreplayermodels:textures/wings_arm.png",
	"body_part": "arms",
	"menu": "CORVUS_Wings",
	"animation_type": "arms",
	"preview_rotation": 45,
	"can_use_player_skin" : true,
	"author": "nymphbat"
}