{
	"name": "bat_wings",
	"render_type": "bedrock",
	"hidden_parts": [],
	"render_data" : {
	"format_version": "1.12.0",
	"minecraft:geometry": [
		{
			"description": {
				"identifier": "geometry.unknown",
				"texture_width": 64,
				"texture_height": 64,
				"visible_bounds_width": 4,
				"visible_bounds_height": 3.5,
				"visible_bounds_offset": [0, 1.25, 0]
			},
			"bones": [
				{
					"name": "wing_bat",
					"pivot": [0, 1, 0]
				},
				{
					"name": "left",
					"parent": "wing_bat",
					"pivot": [-2.5, 21, 2],
					"rotation": [45, -55, -10]
				},
				{
					"name": "bone48",
					"parent": "left",
					"pivot": [-2.5, 21, 2],
					"rotation": [-25, 0, 0],
					"cubes": [
						{"origin": [-3, 20, 2], "size": [1, 1, 2], "inflate": 0.25, "uv": [18, 0]},
						{"origin": [-2.49, 13, 2], "size": [0, 7, 7], "uv": [0, 32]},
						{"origin": [-2.485, 13, 2], "size": [0, 7, 7], "uv": [28, 25]}
					]
				},
				{
					"name": "bone52",
					"parent": "bone48",
					"pivot": [-3, 20, 4],
					"rotation": [-15, 0, 0],
					"cubes": [
						{"origin": [-3, 20, 4], "size": [1, 1, 3], "inflate": 0.1, "uv": [15, 5]}
					]
				},
				{
					"name": "bone57",
					"parent": "bone52",
					"pivot": [-2, 20, 7],
					"rotation": [50, 0, 0],
					"cubes": [
						{"origin": [-3, 20, 7], "size": [1, 1, 4], "inflate": 0.05, "uv": [12, 0]},
						{"origin": [-2.5, 11, 6], "size": [0, 9, 6], "uv": [0, 40]},
						{"origin": [-2.495, 11, 6], "size": [0, 9, 6], "uv": [38, 33]}
					]
				},
				{
					"name": "bone59",
					"parent": "bone57",
					"pivot": [-2.5, 21, 8],
					"rotation": [-25, 0, 0],
					"cubes": [
						{"origin": [-3, 21, 8], "size": [1, 2, 1], "inflate": 0.0025, "uv": [0, 5]}
					]
				},
				{
					"name": "bone60",
					"parent": "bone59",
					"pivot": [-2.5, 23, 8],
					"rotation": [-45, 0, 0],
					"cubes": [
						{"origin": [-3, 23, 8], "size": [1, 1, 1], "uv": [6, 2]}
					]
				},
				{
					"name": "bone61",
					"parent": "bone60",
					"pivot": [-2.5, 24, 8],
					"rotation": [-30, 0, 0],
					"cubes": [
						{"origin": [-2.5, 24, 8], "size": [0, 2, 1], "uv": [10, 5]}
					]
				},
				{
					"name": "bone58",
					"parent": "bone57",
					"pivot": [-2.5, 21, 11],
					"rotation": [-15, -30, 0],
					"cubes": [
						{"origin": [-3, 20, 11], "size": [1, 1, 4], "uv": [6, 1]},
						{"origin": [-2.505, 10, 11], "size": [0, 11, 10], "uv": [20, 11]},
						{"origin": [-2.51, 10, 11], "size": [0, 11, 10], "uv": [20, 0]}
					]
				},
				{
					"name": "right",
					"parent": "wing_bat",
					"pivot": [2.5, 21, 2],
					"rotation": [45, 55, 10]
				},
				{
					"name": "bone62",
					"parent": "right",
					"pivot": [2.5, 21, 2],
					"rotation": [-25, 0, 0],
					"cubes": [
						{"origin": [2, 20, 2], "size": [1, 1, 2], "inflate": 0.25, "uv": [6, 6]},
						{"origin": [2.49, 13, 2], "size": [0, 7, 7], "uv": [14, 25]},
						{"origin": [2.485, 13, 2], "size": [0, 7, 7], "uv": [0, 25]}
					]
				},
				{
					"name": "bone63",
					"parent": "bone62",
					"pivot": [3, 20, 4],
					"rotation": [-15, 0, 0],
					"cubes": [
						{"origin": [2, 20, 4], "size": [1, 1, 3], "inflate": 0.1, "uv": [10, 6]}
					]
				},
				{
					"name": "bone64",
					"parent": "bone63",
					"pivot": [2, 20, 7],
					"rotation": [50, 0, 0],
					"cubes": [
						{"origin": [2, 20, 7], "size": [1, 1, 4], "inflate": 0.05, "uv": [0, 5]},
						{"origin": [2.5, 11, 6], "size": [0, 9, 6], "uv": [26, 33]},
						{"origin": [2.495, 11, 6], "size": [0, 9, 6], "uv": [14, 33]}
					]
				},
				{
					"name": "bone65",
					"parent": "bone64",
					"pivot": [2.5, 21, 8],
					"rotation": [-25, 0, 0],
					"cubes": [
						{"origin": [2, 21, 8], "size": [1, 2, 1], "inflate": 0.0025, "uv": [0, 0]}
					]
				},
				{
					"name": "bone66",
					"parent": "bone65",
					"pivot": [2.5, 23, 8],
					"rotation": [-45, 0, 0],
					"cubes": [
						{"origin": [2, 23, 8], "size": [1, 1, 1], "uv": [6, 0]}
					]
				},
				{
					"name": "bone67",
					"parent": "bone66",
					"pivot": [2.5, 24, 8],
					"rotation": [-30, 0, 0],
					"cubes": [
						{"origin": [2.5, 24, 8], "size": [0, 2, 1], "uv": [6, 5]}
					]
				},
				{
					"name": "bone68",
					"parent": "bone64",
					"pivot": [2.5, 21, 11],
					"rotation": [-15, 30, 0],
					"cubes": [
						{"origin": [2, 20, 11], "size": [1, 1, 4], "uv": [0, 0]},
						{"origin": [2.505, 10, 11], "size": [0, 11, 10], "uv": [0, 11]},
						{"origin": [2.51, 10, 11], "size": [0, 11, 10], "uv": [0, 0]}
					]
				}
			]
		}
	]
},
	"texture": "moreplayermodels:textures/backwing_bat.png",
	"body_part": "body",
	"menu": "CORVUS_Wings",
	"parent":"moreplayermodels:parts/corvus_wings/o_batwings.json",
	"animation_inherit" : "corvus_wings",
	"preview_rotation": 135,
	"translate": [0, 12, 0],
	"scale": [1.0, 1.0, 1.0],
	"rotate_offset": [0, -12, 0.0],
	"rotate": [0.0, 0, 0.0],
	"can_use_player_skin" : true,
	"author": "nymphbat"
}