{
	"name": "Redwood Branches",
	"render_type": "bedrock",
	"hidden_parts": [none],
	"render_data" : {
	"format_version": "1.12.0",
	"minecraft:geometry": [
		{
			"description": {
				"identifier": "geometry.ki_branches2_mpm",
				"texture_width": 64,
				"texture_height": 64,
				"visible_bounds_width": 2,
				"visible_bounds_height": 3.5,
				"visible_bounds_offset": [0, 1.25, 0]
			},
			"bones": [
				{
					"name": "bb_main",
					"pivot": [0, 0, 0]
				},
				{
					"name": "1",
					"pivot": [0, 0, 0]
				},
				{
					"name": "bone",
					"parent": "1",
					"pivot": [16.37945, 14.8605, -16.4675],
					"rotation": [72, -27, 0],
					"cubes": [
						{"origin": [18.38671, 13.3629, -16.32711], "size": [1, 1, 5], "pivot": [14.38671, 15.1129, -11.32711], "rotation": [0, 22.5, 0], "uv": [46, 10]},
						{"origin": [17.38671, 13.03341, -25.93638], "size": [1, 1, 8], "pivot": [18.38671, 14.03341, -17.93638], "rotation": [-22.5, 0, 0], "uv": [39, 36]},
						{"origin": [18.38671, 14.03341, -19.93638], "size": [1, 1, 2], "pivot": [18.38671, 14.03341, -17.93638], "rotation": [-22.5, 0, 0], "uv": [39, 41]},
						{"origin": [18.38671, 13.1129, -18.32711], "size": [1, 1, 9], "uv": [28, 36]},
						{"origin": [18.13671, 11.1129, -20.32711], "size": [1, 1, 5], "pivot": [18.38671, 21.1129, -18.32711], "rotation": [22.5, 0, 0], "uv": [25, 38]},
						{"origin": [18.13671, 16.1129, -17.32711], "size": [1, 1, 5], "pivot": [18.38671, 17.1129, -18.32711], "rotation": [-22.5, 0, 0], "uv": [17, 43]},
						{"origin": [17.38671, 13.1129, -18.32711], "size": [1, 1, 10], "uv": [0, 36]},
						{"origin": [19.88671, 13.3629, -14.32711], "size": [1, 1, 3], "pivot": [21.38671, 15.1129, -15.32711], "rotation": [0, -22.5, 0], "uv": [39, 46]},
						{"origin": [15.63671, 17.8629, -13.07711], "size": [1, 1, 4], "pivot": [16.38671, 18.1129, -16.32711], "rotation": [-22.5, 0, 0], "uv": [0, 47]},
						{"origin": [15.63671, 9.3629, -3.07711], "size": [1, 1, 4], "pivot": [16.38671, -9.8871, -16.32711], "rotation": [22.5, 0, 0], "uv": [0, 41]},
						{"origin": [15.38671, 14.04009, -21.9525], "size": [1, 1, 6], "pivot": [16.38671, 15.04009, -15.9525], "rotation": [-22.5, 0, 0], "uv": [40, 28]},
						{"origin": [16.38671, 14.1129, -16.32711], "size": [1, 1, 9], "uv": [36, 0]},
						{"origin": [16.38671, 14.04009, -19.9525], "size": [1, 1, 4], "pivot": [16.38671, 15.04009, -15.9525], "rotation": [-22.5, 0, 0], "uv": [25, 46]},
						{"origin": [16.38671, 15.04009, -18.9525], "size": [1, 1, 3], "pivot": [16.38671, 15.04009, -15.9525], "rotation": [-22.5, 0, 0], "uv": [0, 2]},
						{"origin": [15.38671, 15.04009, -23.9525], "size": [1, 1, 8], "pivot": [16.38671, 15.04009, -15.9525], "rotation": [-22.5, 0, 0], "uv": [36, 10]},
						{"origin": [15.38671, 14.1129, -16.32711], "size": [1, 1, 11], "uv": [13, 25]},
						{"origin": [15.38671, 15.1129, -16.32711], "size": [1, 1, 8], "uv": [38, 19]},
						{"origin": [16.38671, 15.1129, -16.32711], "size": [1, 1, 10], "uv": [26, 25]},
						{"origin": [16.38671, 14.8629, -16.32711], "size": [1, 1, 5], "pivot": [19.38671, 16.1129, -13.32711], "rotation": [0, -22.5, 0], "uv": [43, 45]},
						{"origin": [16.38671, 14.8629, -14.07711], "size": [1, 1, 3], "pivot": [12.38671, 16.1129, -9.32711], "rotation": [0, 22.5, 0], "uv": [31, 46]},
						{"origin": [13.38671, 13.3629, -17.32711], "size": [1, 1, 5], "pivot": [18.38671, 15.1129, -12.32711], "rotation": [0, -22.5, 0], "uv": [46, 10], "mirror": true},
						{"origin": [14.38671, 13.03341, -26.93638], "size": [1, 1, 8], "pivot": [14.38671, 14.03341, -18.93638], "rotation": [-22.5, 0, 0], "uv": [39, 36], "mirror": true},
						{"origin": [13.38671, 14.03341, -20.93638], "size": [1, 1, 2], "pivot": [14.38671, 14.03341, -18.93638], "rotation": [-22.5, 0, 0], "uv": [39, 41], "mirror": true},
						{"origin": [13.38671, 13.1129, -19.32711], "size": [1, 1, 9], "uv": [28, 36], "mirror": true},
						{"origin": [13.63671, 11.1129, -21.32711], "size": [1, 1, 5], "pivot": [14.38671, 21.1129, -19.32711], "rotation": [22.5, 0, 0], "uv": [25, 38], "mirror": true},
						{"origin": [13.63671, 16.1129, -18.32711], "size": [1, 1, 5], "pivot": [14.38671, 17.1129, -19.32711], "rotation": [-22.5, 0, 0], "uv": [17, 43], "mirror": true},
						{"origin": [14.38671, 13.1129, -19.32711], "size": [1, 1, 10], "uv": [0, 36], "mirror": true},
						{"origin": [11.88671, 13.3629, -15.32711], "size": [1, 1, 3], "pivot": [11.38671, 15.1129, -16.32711], "rotation": [0, 22.5, 0], "uv": [39, 46], "mirror": true}
					]
				}
			]
		}
	]
},
	"texture": "moreplayermodels:textures/custom/kibranches_mpm.png",
	"body_part": "head",
	"menu": "♥ Customs",
	"preview_rotation": 315,
	"translate": [1.5, 1.5, -1.5],
	"scale": [0.3, 0.3, 0.3],
	"rotate_offset": [0, 0, 0],
	"rotate": [5, -27, -32],
	"author": "Ruvy"
}