{
	"author": "Ruvy",
	"name": "Redwood Branches",
	"menu": "♥ Customs",
	"body_part": "arms",
	"preview_rotation": 45,
    "animation_type": "arms",
	"texture": "moreplayermodels:textures/custom/kibranches_mpm.png",
	"translate": [0, 0, 0],
	"scale": [0.3, 0.3, 0.3],
	"rotate_offset": [0, 0, 0],
	"rotate": [0, 0, 0],
	
	"render_type": "bedrock",
	"render_data" : {
	"format_version": "1.12.0",
	"minecraft:geometry": [
		{
			"description": {
				"identifier": "geometry.ki_branches_mpm",
				"texture_width": 64,
				"texture_height": 64,
				"visible_bounds_width": 8,
				"visible_bounds_height": 9,
				"visible_bounds_offset": [0, 2.5, 0]
			},
			"bones": [
				{
					"name": "left_arm",
					"pivot": [0, 0, 0]
				},
				{
					"name": "branches_bare",
					"parent": "left_arm",
					"pivot": [19.74274, -28.85961, -6.9976],
					"rotation": [80, 55, -180],
					"cubes": [
						{"origin": [16.73547, -30.35721, -6.85721], "size": [1, 1, 5], "pivot": [21.73547, -28.60721, -1.85721], "rotation": [0, -22.5, 0], "uv": [46, 10], "mirror": true},
						{"origin": [17.73547, -30.6867, -16.46648], "size": [1, 1, 8], "pivot": [17.73547, -29.6867, -8.46648], "rotation": [-22.5, 0, 0], "uv": [39, 36], "mirror": true},
						{"origin": [16.73547, -29.6867, -10.46648], "size": [1, 1, 2], "pivot": [17.73547, -29.6867, -8.46648], "rotation": [-22.5, 0, 0], "uv": [39, 41], "mirror": true},
						{"origin": [16.73547, -30.60721, -8.85721], "size": [1, 1, 9], "uv": [28, 36], "mirror": true},
						{"origin": [16.98547, -32.60721, -10.85721], "size": [1, 1, 5], "pivot": [17.73547, -22.60721, -8.85721], "rotation": [22.5, 0, 0], "uv": [25, 38], "mirror": true},
						{"origin": [16.98547, -27.60721, -7.85721], "size": [1, 1, 5], "pivot": [17.73547, -26.60721, -8.85721], "rotation": [-22.5, 0, 0], "uv": [17, 43], "mirror": true},
						{"origin": [17.73547, -30.60721, -8.85721], "size": [1, 1, 10], "uv": [0, 36], "mirror": true},
						{"origin": [15.23547, -30.35721, -4.85721], "size": [1, 1, 3], "pivot": [14.73547, -28.60721, -5.85721], "rotation": [0, 22.5, 0], "uv": [39, 46], "mirror": true},
						{"origin": [19.48547, -25.85721, -3.60721], "size": [1, 1, 4], "pivot": [19.73547, -25.60721, -6.85721], "rotation": [-22.5, 0, 0], "uv": [0, 47], "mirror": true},
						{"origin": [19.48547, -34.35721, 6.39279], "size": [1, 1, 4], "pivot": [19.73547, -53.60721, -6.85721], "rotation": [22.5, 0, 0], "uv": [0, 41], "mirror": true},
						{"origin": [19.73547, -29.68002, -12.4826], "size": [1, 1, 6], "pivot": [19.73547, -28.68002, -6.4826], "rotation": [-22.5, 0, 0], "uv": [40, 28], "mirror": true},
						{"origin": [18.73547, -29.60721, -6.85721], "size": [1, 1, 9], "uv": [36, 0], "mirror": true},
						{"origin": [18.73547, -29.68002, -10.4826], "size": [1, 1, 4], "pivot": [19.73547, -28.68002, -6.4826], "rotation": [-22.5, 0, 0], "uv": [25, 46], "mirror": true},
						{"origin": [18.73547, -28.68002, -9.4826], "size": [1, 1, 3], "pivot": [19.73547, -28.68002, -6.4826], "rotation": [-22.5, 0, 0], "uv": [0, 2], "mirror": true},
						{"origin": [19.73547, -28.68002, -14.4826], "size": [1, 1, 8], "pivot": [19.73547, -28.68002, -6.4826], "rotation": [-22.5, 0, 0], "uv": [36, 10], "mirror": true},
						{"origin": [19.73547, -29.60721, -6.85721], "size": [1, 1, 11], "uv": [13, 25], "mirror": true},
						{"origin": [19.73547, -28.60721, -6.85721], "size": [1, 1, 8], "uv": [38, 19], "mirror": true},
						{"origin": [18.73547, -28.60721, -6.85721], "size": [1, 1, 10], "uv": [26, 25], "mirror": true},
						{"origin": [18.73547, -28.85721, -6.85721], "size": [1, 1, 5], "pivot": [16.73547, -27.60721, -3.85721], "rotation": [0, 22.5, 0], "uv": [43, 45], "mirror": true},
						{"origin": [18.73547, -28.85721, -4.60721], "size": [1, 1, 3], "pivot": [23.73547, -27.60721, 0.14279], "rotation": [0, -22.5, 0], "uv": [31, 46], "mirror": true},
						{"origin": [21.73547, -30.35721, -7.85721], "size": [1, 1, 5], "pivot": [17.73547, -28.60721, -2.85721], "rotation": [0, 22.5, 0], "uv": [46, 10]},
						{"origin": [20.73547, -30.6867, -17.46648], "size": [1, 1, 8], "pivot": [21.73547, -29.6867, -9.46648], "rotation": [-22.5, 0, 0], "uv": [39, 36]},
						{"origin": [21.73547, -29.6867, -11.46648], "size": [1, 1, 2], "pivot": [21.73547, -29.6867, -9.46648], "rotation": [-22.5, 0, 0], "uv": [39, 41]},
						{"origin": [21.73547, -30.60721, -9.85721], "size": [1, 1, 9], "uv": [28, 36]},
						{"origin": [21.48547, -32.60721, -11.85721], "size": [1, 1, 5], "pivot": [21.73547, -22.60721, -9.85721], "rotation": [22.5, 0, 0], "uv": [25, 38]},
						{"origin": [21.48547, -27.60721, -8.85721], "size": [1, 1, 5], "pivot": [21.73547, -26.60721, -9.85721], "rotation": [-22.5, 0, 0], "uv": [17, 43]},
						{"origin": [20.73547, -30.60721, -9.85721], "size": [1, 1, 10], "uv": [0, 36]},
						{"origin": [23.23547, -30.35721, -5.85721], "size": [1, 1, 3], "pivot": [24.73547, -28.60721, -6.85721], "rotation": [0, -22.5, 0], "uv": [39, 46]}
					]
				}
			]
		}
	]
}

}