{
	"author": "Ruvy",
	"name": "Redwood Branches",
	"menu": "♥ Customs",
	"body_part": "arms",
	"preview_rotation": 45,
    "animation_type": "arms",
	"texture": "moreplayermodels:textures/custom/kibranches_mpm.png",
	"translate": [0, 0, 0],
	"scale": [0.3, 0.3, 0.3],
	"rotate_offset": [0, 0, 0],
	"rotate": [0, 0, 0],
	
	"render_type": "bedrock",
	"render_data" : {
	"format_version": "1.12.0",
	"minecraft:geometry": [
		{
			"description": {
				"identifier": "geometry.ki_branches_mpm",
				"texture_width": 64,
				"texture_height": 64,
				"visible_bounds_width": 8,
				"visible_bounds_height": 9,
				"visible_bounds_offset": [0, 2.5, 0]
			},
			"bones": [
				{
					"name": "left_arm",
					"pivot": [0, 0, 0]
				},
				{
					"name": "branches",
					"parent": "left_arm",
					"pivot": [12.73665, 5.97873, -4.60462],
					"rotation": [-90, 30, 14],
					"cubes": [
						{"origin": [12.77738, 8.18599, -13.27228], "size": [1, 1, 8], "pivot": [12.77738, 9.18599, -5.27228], "rotation": [-22.5, 0, 0], "uv": [39, 36], "mirror": true},
						{"origin": [11.77738, 8.26549, -5.66301], "size": [1, 1, 9], "uv": [28, 36], "mirror": true},
						{"origin": [12.77738, 8.26549, -5.66301], "size": [1, 1, 10], "uv": [0, 36], "mirror": true},
						{"origin": [10.27738, 8.51549, -1.66301], "size": [1, 1, 3], "pivot": [9.77738, 10.26549, -2.66301], "rotation": [0, 22.5, 0], "uv": [39, 46], "mirror": true},
						{"origin": [11.77738, 8.51549, -3.66301], "size": [1, 1, 5], "pivot": [16.77738, 10.26549, 1.33699], "rotation": [0, -22.5, 0], "uv": [46, 10], "mirror": true},
						{"origin": [12.52738, -0.48451, -3.41301], "size": [1, 1, 4], "pivot": [12.77738, 0.26549, -6.66301], "rotation": [22.5, 0, 0], "uv": [0, 47], "mirror": true},
						{"origin": [11.77738, 2.51549, -4.41301], "size": [1, 1, 3], "pivot": [16.77738, 2.26549, 0.33699], "rotation": [0, -22.5, 0], "uv": [31, 46], "mirror": true},
						{"origin": [11.77738, 2.51549, -6.66301], "size": [1, 1, 5], "pivot": [9.77738, 2.26549, -3.66301], "rotation": [0, 22.5, 0], "uv": [43, 45], "mirror": true},
						{"origin": [12.77738, 2.26549, -6.66301], "size": [1, 1, 8], "uv": [38, 19], "mirror": true},
						{"origin": [12.77738, 3.26549, -6.66301], "size": [1, 1, 11], "uv": [13, 25], "mirror": true},
						{"origin": [11.77738, 3.26549, -6.66301], "size": [1, 1, 9], "uv": [36, 0], "mirror": true},
						{"origin": [12.77738, 3.33831, -12.28841], "size": [1, 1, 6], "pivot": [12.77738, 3.33831, -6.28841], "rotation": [22.5, 0, 0], "uv": [40, 28], "mirror": true},
						{"origin": [11.77738, 2.26549, -6.66301], "size": [1, 1, 10], "uv": [26, 25], "mirror": true},
						{"origin": [11.77738, 2.33831, -9.28841], "size": [1, 1, 3], "pivot": [12.77738, 3.33831, -6.28841], "rotation": [22.5, 0, 0], "uv": [0, 2], "mirror": true},
						{"origin": [11.77738, 3.33831, -10.28841], "size": [1, 1, 4], "pivot": [12.77738, 3.33831, -6.28841], "rotation": [22.5, 0, 0], "uv": [25, 46], "mirror": true},
						{"origin": [12.77738, 2.33831, -14.28841], "size": [1, 1, 8], "pivot": [12.77738, 3.33831, -6.28841], "rotation": [22.5, 0, 0], "uv": [36, 10], "mirror": true},
						{"origin": [11.77738, 9.18599, -7.27228], "size": [1, 1, 2], "pivot": [12.77738, 9.18599, -5.27228], "rotation": [-22.5, 0, 0], "uv": [39, 41], "mirror": true},
						{"origin": [12.02738, 11.26549, -4.66301], "size": [1, 1, 5], "pivot": [12.77738, 12.26549, -5.66301], "rotation": [-22.5, 0, 0], "uv": [17, 43], "mirror": true},
						{"origin": [12.02738, 6.26549, -7.66301], "size": [1, 1, 5], "pivot": [12.77738, 16.26549, -5.66301], "rotation": [22.5, 0, 0], "uv": [25, 38], "mirror": true},
						{"origin": [12.52738, 8.01549, 6.58699], "size": [1, 1, 4], "pivot": [12.77738, 28.26549, -6.66301], "rotation": [-22.5, 0, 0], "uv": [0, 41], "mirror": true},
						{"origin": [9.77738, 8.76549, -6.66301], "size": [6, 0, 12], "pivot": [12.77738, 8.76549, -0.66301], "rotation": [0, 0, -45], "uv": [0, 12], "mirror": true},
						{"origin": [12.77738, 5.76549, -6.66301], "size": [0, 6, 12], "pivot": [12.77738, 8.76549, -0.66301], "rotation": [0, 0, -45], "uv": [0, 18], "mirror": true},
						{"origin": [10.27738, 8.76549, -14.66301], "size": [6, 0, 9], "pivot": [12.77738, 9.26549, -5.66301], "rotation": [-22.5, 0, 0], "uv": [15, 10], "mirror": true},
						{"origin": [13.27738, 5.76549, -14.66301], "size": [0, 6, 9], "pivot": [12.77738, 9.26549, -5.66301], "rotation": [-22.5, 0, 0], "uv": [12, 28], "mirror": true},
						{"origin": [10.52738, 11.51549, -6.66301], "size": [4, 0, 6], "pivot": [12.77738, 9.26549, -5.66301], "rotation": [-22.5, 0, 0], "uv": [30, 0], "mirror": true},
						{"origin": [12.52738, 9.51549, -6.66301], "size": [0, 4, 6], "pivot": [12.77738, 9.26549, -5.66301], "rotation": [-22.5, 0, 0], "uv": [0, 4], "mirror": true},
						{"origin": [12.52738, 5.01549, -9.66301], "size": [0, 4, 6], "pivot": [12.77738, 19.26549, -5.66301], "rotation": [22.5, 0, 0], "uv": [0, 0], "mirror": true},
						{"origin": [10.52738, 7.01549, -9.66301], "size": [4, 0, 6], "pivot": [12.77738, 19.26549, -5.66301], "rotation": [22.5, 0, 0], "uv": [20, 25], "mirror": true},
						{"origin": [7.09104, 9.01549, -2.33903], "size": [2, 0, 5], "pivot": [7.59104, 7.01549, -9.33903], "rotation": [0, 22.5, 0], "uv": [34, 36], "mirror": true},
						{"origin": [8.09104, 8.01549, -2.33903], "size": [0, 2, 5], "pivot": [7.59104, 7.01549, -9.33903], "rotation": [0, 22.5, 0], "uv": [26, 28], "mirror": true},
						{"origin": [12.09104, 8.01549, -7.98699], "size": [0, 2, 5], "pivot": [7.59104, 7.01549, 0.01301], "rotation": [0, -22.5, 0], "uv": [26, 26], "mirror": true},
						{"origin": [11.09104, 9.01549, -7.98699], "size": [2, 0, 5], "pivot": [7.59104, 7.01549, 0.01301], "rotation": [0, -22.5, 0], "uv": [0, 36], "mirror": true},
						{"origin": [11.27738, 10.57826, -8.67927], "size": [2, 0, 4], "pivot": [12.27738, 8.57826, -7.67927], "rotation": [-22.5, 0, 0], "uv": [39, 36], "mirror": true},
						{"origin": [12.27738, 9.57826, -8.67927], "size": [0, 2, 4], "pivot": [12.27738, 8.57826, -7.67927], "rotation": [-22.5, 0, 0], "uv": [36, 11], "mirror": true},
						{"origin": [11.77738, 7.57822, -8.19446], "size": [1, 1, 1], "pivot": [16.77738, 8.57822, -1.19446], "rotation": [-22.5, 0, 0], "uv": [50, 5], "mirror": true},
						{"origin": [14.07556, 9.87524, -10.18362], "size": [1, 1, 1], "pivot": [19.07556, 10.87524, -2.18362], "rotation": [0, 22.5, 0], "uv": [50, 3], "mirror": true},
						{"origin": [11.77738, 12.17042, -8.1937], "size": [1, 1, 1], "pivot": [16.77738, 12.17042, -1.1937], "rotation": [22.5, 0, 0], "uv": [50, 1], "mirror": true},
						{"origin": [9.4792, 9.87524, -10.18362], "size": [1, 1, 1], "pivot": [5.4792, 10.87524, -2.18362], "rotation": [0, -22.5, 0], "uv": [49, 41], "mirror": true},
						{"origin": [14.23449, 6.21847, -2.66301], "size": [1, 1, 1], "pivot": [8.23449, 7.21847, 2.33699], "rotation": [0, 0, -22.5], "uv": [49, 39], "mirror": true},
						{"origin": [16.22364, 8.51549, -4.96119], "size": [1, 1, 1], "pivot": [9.22364, 9.51549, -8.96119], "rotation": [0, -22.5, 0], "uv": [49, 37], "mirror": true},
						{"origin": [16.22364, 8.51549, -0.36483], "size": [1, 1, 1], "pivot": [9.22364, 9.51549, 4.63517], "rotation": [0, 22.5, 0], "uv": [49, 35], "mirror": true},
						{"origin": [14.23372, 10.81067, -2.66301], "size": [1, 1, 1], "pivot": [8.23372, 10.81067, 2.33699], "rotation": [0, 0, 22.5], "uv": [20, 49], "mirror": true},
						{"origin": [10.07104, 10.56067, -0.66301], "size": [1, 1, 1], "pivot": [17.07104, 10.56067, 4.33699], "rotation": [0, 0, -22.5], "uv": [16, 49], "mirror": true},
						{"origin": [8.08112, 8.26549, -2.96119], "size": [1, 1, 1], "pivot": [16.08112, 9.26549, -6.96119], "rotation": [0, 22.5, 0], "uv": [10, 49], "mirror": true},
						{"origin": [8.08112, 8.26549, 1.63517], "size": [1, 1, 1], "pivot": [16.08112, 9.26549, 6.63517], "rotation": [0, -22.5, 0], "uv": [6, 49], "mirror": true},
						{"origin": [10.07028, 5.96847, -0.66301], "size": [1, 1, 1], "pivot": [17.07028, 6.96847, 4.33699], "rotation": [0, 0, 22.5], "uv": [0, 49], "mirror": true},
						{"origin": [12.77738, 11.78107, -15.3421], "size": [1, 1, 1], "pivot": [17.77738, 5.78107, -14.3421], "rotation": [-22.5, 0, 0], "uv": [48, 32], "mirror": true},
						{"origin": [10.4792, 13.77023, -13.04508], "size": [1, 1, 1], "pivot": [6.4792, 6.77023, -12.04508], "rotation": [0, 0, 22.5], "uv": [48, 30], "mirror": true},
						{"origin": [15.07556, 13.77023, -13.04508], "size": [1, 1, 1], "pivot": [20.07556, 6.77023, -12.04508], "rotation": [0, 0, -22.5], "uv": [48, 28], "mirror": true},
						{"origin": [12.77738, 11.78031, -10.7499], "size": [1, 1, 1], "pivot": [17.77738, 5.78031, -10.7499], "rotation": [22.5, 0, 0], "uv": [48, 25], "mirror": true},
						{"origin": [12.02738, 11.41641, -7.41792], "size": [1, 1, 1], "pivot": [17.02738, 5.41641, -6.41792], "rotation": [-22.5, 0, 0], "uv": [48, 23], "mirror": true},
						{"origin": [9.7292, 13.40557, -5.12089], "size": [1, 1, 1], "pivot": [5.7292, 6.40557, -4.12089], "rotation": [0, 0, 22.5], "uv": [48, 21], "mirror": true},
						{"origin": [14.32556, 13.40557, -5.12089], "size": [1, 1, 1], "pivot": [19.32556, 6.40557, -4.12089], "rotation": [0, 0, -22.5], "uv": [48, 19], "mirror": true},
						{"origin": [12.02738, 11.41565, -2.82572], "size": [1, 1, 1], "pivot": [17.02738, 5.41565, -2.82572], "rotation": [22.5, 0, 0], "uv": [13, 48], "mirror": true},
						{"origin": [12.02738, 5.72772, -6.36272], "size": [1, 1, 1], "pivot": [17.02738, 12.72772, -5.36272], "rotation": [22.5, 0, 0], "uv": [10, 47], "mirror": true},
						{"origin": [9.7292, 3.73856, -4.0657], "size": [1, 1, 1], "pivot": [5.7292, 11.73856, -3.0657], "rotation": [0, 0, -22.5], "uv": [47, 6], "mirror": true},
						{"origin": [14.32556, 3.73856, -4.0657], "size": [1, 1, 1], "pivot": [19.32556, 11.73856, -3.0657], "rotation": [0, 0, 22.5], "uv": [6, 47], "mirror": true},
						{"origin": [12.02738, 5.72848, -1.77052], "size": [1, 1, 1], "pivot": [17.02738, 12.72848, -1.77052], "rotation": [-22.5, 0, 0], "uv": [47, 4], "mirror": true},
						{"origin": [9.77738, 3.26449, -6.66301], "size": [6, 0, 12], "pivot": [12.77738, 3.26449, -0.66301], "rotation": [0, 0, -45], "uv": [0, 0], "mirror": true},
						{"origin": [12.77738, 0.26449, -6.66301], "size": [0, 6, 12], "pivot": [12.77738, 3.26449, -0.66301], "rotation": [0, 0, -45], "uv": [0, 12], "mirror": true},
						{"origin": [9.77738, 1.77159, -17.1648], "size": [6, 0, 10], "pivot": [16.77738, 7.27159, -11.1648], "rotation": [22.5, 0, 0], "uv": [14, 0], "mirror": true},
						{"origin": [12.77738, -1.22841, -17.1648], "size": [0, 6, 10], "pivot": [16.77738, 7.27159, -11.1648], "rotation": [22.5, 0, 0], "uv": [24, 9], "mirror": true},
						{"origin": [11.02738, 4.87335, -0.60777], "size": [4, 0, 5], "pivot": [12.27738, 10.87335, -0.60777], "rotation": [-22.5, 0, 0], "uv": [33, 28], "mirror": true},
						{"origin": [13.02738, 2.87335, -0.60777], "size": [0, 4, 5], "pivot": [12.27738, 10.87335, -0.60777], "rotation": [-22.5, 0, 0], "uv": [0, 13], "mirror": true},
						{"origin": [13.02638, -1.52102, -8.58291], "size": [0, 4, 5], "pivot": [12.77638, 10.97898, -7.58291], "rotation": [22.5, 0, 0], "uv": [0, 9], "mirror": true},
						{"origin": [11.02638, 0.47898, -8.58291], "size": [4, 0, 5], "pivot": [12.77638, 10.97898, -7.58291], "rotation": [22.5, 0, 0], "uv": [31, 10], "mirror": true},
						{"origin": [5.07833, 3.01449, -6.82777], "size": [2, 0, 5], "pivot": [4.57833, 9.01449, -18.82777], "rotation": [0, 22.5, 0], "uv": [0, 0], "mirror": true},
						{"origin": [6.07833, 2.01449, -6.82777], "size": [0, 2, 5], "pivot": [4.57833, 9.01449, -18.82777], "rotation": [0, 22.5, 0], "uv": [0, 17], "mirror": true},
						{"origin": [19.02987, 2.01449, -5.86007], "size": [0, 2, 4], "pivot": [19.02987, 8.51449, -16.86007], "rotation": [0, -22.5, 0], "uv": [36, 2], "mirror": true},
						{"origin": [18.02987, 3.01449, -5.86007], "size": [2, 0, 4], "pivot": [19.02987, 8.51449, -16.86007], "rotation": [0, -22.5, 0], "uv": [28, 37], "mirror": true},
						{"origin": [8.58112, 1.26549, -0.11483], "size": [1, 1, 1], "pivot": [16.58112, 2.26549, 4.88517], "rotation": [0, -22.5, 0], "uv": [47, 2], "mirror": true},
						{"origin": [8.58112, 1.26549, -4.71119], "size": [1, 1, 1], "pivot": [16.58112, 2.26549, -8.71119], "rotation": [0, 22.5, 0], "uv": [47, 0], "mirror": true},
						{"origin": [10.57104, 3.56067, -2.41301], "size": [1, 1, 1], "pivot": [17.57104, 3.56067, 2.58699], "rotation": [0, 0, -22.5], "uv": [0, 47], "mirror": true},
						{"origin": [10.57028, -1.03153, -2.41301], "size": [1, 1, 1], "pivot": [17.57028, -0.03153, 2.58699], "rotation": [0, 0, 22.5], "uv": [44, 46], "mirror": true},
						{"origin": [14.60595, 4.81067, -5.83217], "size": [1, 1, 1], "pivot": [8.60595, 4.81067, -0.83217], "rotation": [0, 0, 22.5], "uv": [36, 46], "mirror": true},
						{"origin": [16.59587, 2.51549, -8.13036], "size": [1, 1, 1], "pivot": [9.59587, 3.51549, -12.13036], "rotation": [0, -22.5, 0], "uv": [24, 46], "mirror": true},
						{"origin": [16.59587, 2.51549, -3.53399], "size": [1, 1, 1], "pivot": [9.59587, 3.51549, 1.46601], "rotation": [0, 22.5, 0], "uv": [46, 16], "mirror": true},
						{"origin": [14.60672, 0.21847, -5.83217], "size": [1, 1, 1], "pivot": [8.60672, 1.21847, -0.83217], "rotation": [0, 0, -22.5], "uv": [46, 12], "mirror": true},
						{"origin": [14.82556, -1.70646, -3.75515], "size": [1, 1, 1], "pivot": [19.82556, 6.29354, -2.75515], "rotation": [0, 0, 22.5], "uv": [46, 10], "mirror": true},
						{"origin": [12.52738, 0.28269, -6.05218], "size": [1, 1, 1], "pivot": [17.52738, 7.28269, -5.05218], "rotation": [22.5, 0, 0], "uv": [24, 44], "mirror": true},
						{"origin": [12.52738, 0.28346, -1.45997], "size": [1, 1, 1], "pivot": [17.52738, 7.28346, -1.45997], "rotation": [-22.5, 0, 0], "uv": [43, 40], "mirror": true},
						{"origin": [10.2292, -1.70646, -3.75515], "size": [1, 1, 1], "pivot": [6.2292, 6.29354, -2.75515], "rotation": [0, 0, -22.5], "uv": [16, 43], "mirror": true},
						{"origin": [10.2292, 6.93263, -2.17095], "size": [1, 1, 1], "pivot": [6.2292, -0.06737, -1.17095], "rotation": [0, 0, 22.5], "uv": [12, 43], "mirror": true},
						{"origin": [12.52738, 4.94348, -4.46797], "size": [1, 1, 1], "pivot": [17.52738, -1.05652, -3.46797], "rotation": [-22.5, 0, 0], "uv": [6, 43], "mirror": true},
						{"origin": [12.52738, 4.94271, 0.12423], "size": [1, 1, 1], "pivot": [17.52738, -1.05729, 0.12423], "rotation": [22.5, 0, 0], "uv": [42, 25], "mirror": true},
						{"origin": [14.82556, 6.93263, -2.17095], "size": [1, 1, 1], "pivot": [19.82556, -0.06737, -1.17095], "rotation": [0, 0, -22.5], "uv": [0, 42], "mirror": true},
						{"origin": [10.47709, 4.81067, -8.65636], "size": [1, 1, 1], "pivot": [15.47709, 4.81067, -1.65636], "rotation": [22.5, 0, 0], "uv": [32, 41], "mirror": true},
						{"origin": [8.17891, 2.51549, -10.64628], "size": [1, 1, 1], "pivot": [4.17891, 3.51549, -2.64628], "rotation": [0, -22.5, 0], "uv": [6, 41], "mirror": true},
						{"origin": [12.77527, 2.51549, -10.64628], "size": [1, 1, 1], "pivot": [17.77527, 3.51549, -2.64628], "rotation": [0, 22.5, 0], "uv": [0, 40], "mirror": true},
						{"origin": [10.47709, 0.21847, -8.65712], "size": [1, 1, 1], "pivot": [15.47709, 1.21847, -1.65712], "rotation": [-22.5, 0, 0], "uv": [38, 25], "mirror": true},
						{"origin": [10.4792, -3.1698, -13.67852], "size": [1, 1, 1], "pivot": [6.4792, 4.8302, -12.67852], "rotation": [0, 0, -22.5], "uv": [0, 38], "mirror": true},
						{"origin": [12.77738, -1.18065, -15.97554], "size": [1, 1, 1], "pivot": [17.77738, 5.81935, -14.97554], "rotation": [22.5, 0, 0], "uv": [0, 36], "mirror": true},
						{"origin": [12.77738, -1.17988, -11.38334], "size": [1, 1, 1], "pivot": [17.77738, 5.82012, -11.38334], "rotation": [-22.5, 0, 0], "uv": [8, 4], "mirror": true},
						{"origin": [15.07556, -3.1698, -13.67852], "size": [1, 1, 1], "pivot": [20.07556, 4.8302, -12.67852], "rotation": [0, 0, 22.5], "uv": [0, 0], "mirror": true}
					]
				}
			]
		}
	]
}

}