{
	"name": "Stage 2 Antlers",
	"parent": "moreplayermodels:parts/creature/antlers5.json",
	"render_type": "bedrock",
	"hidden_parts": [none],
	"render_data" : {
	"format_version": "1.12.0",
	"minecraft:geometry": [
		{
			"description": {
				"identifier": "geometry.unknown",
				"texture_width": 64,
				"texture_height": 64,
				"visible_bounds_width": 5,
				"visible_bounds_height": 4,
				"visible_bounds_offset": [0, 1, 0]
			},
			"bones": [
				{
					"name": "main_beam",
					"pivot": [-10.59288, -1.26345, -0.54957],
					"rotation": [-15.35092, 5.83543, 22.57809],
					"cubes": [
						{"origin": [-18.03039, 4.41573, -2.76174], "size": [8, 4, 4], "pivot": [-19.03039, 2.41573, -0.76174], "rotation": [0, 0, 45], "uv": [0, 0]},
						{"origin": [-18.08065, 1.95126, -2.78674], "size": [4, 4, 4], "uv": [0, 37]},
						{"origin": [-23.25871, 1.97626, -3.41889], "size": [6, 4, 4], "pivot": [-19.25871, 3.95126, -1.14389], "rotation": [0, -22.5, 0], "uv": [21, 5]}
					]
				},
				{
					"name": "point1",
					"parent": "main_beam",
					"pivot": [-16.08065, 3.85126, -0.76174],
					"cubes": [
						{"origin": [-17.08065, 5.70126, -2.28674], "size": [3, 3, 3], "pivot": [-16.08065, 3.95126, -0.76174], "rotation": [0, 0, 22.5], "uv": [17, 39]}
					]
				},
				{
					"name": "main_beam2",
					"pivot": [10.59288, -1.26345, -0.54957],
					"rotation": [-15.35092, -5.83543, -22.57809],
					"cubes": [
						{"origin": [10.03039, 4.41573, -2.76174], "size": [8, 4, 4], "pivot": [19.03039, 2.41573, -0.76174], "rotation": [0, 0, -45], "uv": [0, 0], "mirror": true},
						{"origin": [14.08065, 1.95126, -2.78674], "size": [4, 4, 4], "uv": [0, 37], "mirror": true},
						{"origin": [17.25871, 1.97626, -3.41889], "size": [6, 4, 4], "pivot": [19.25871, 3.95126, -1.14389], "rotation": [0, 22.5, 0], "uv": [21, 5], "mirror": true}
					]
				},
				{
					"name": "point5",
					"parent": "main_beam2",
					"pivot": [16.08065, 3.85126, -0.76174],
					"cubes": [
						{"origin": [14.08065, 5.70126, -2.28674], "size": [3, 3, 3], "pivot": [16.08065, 3.95126, -0.76174], "rotation": [0, 0, -22.5], "uv": [17, 39], "mirror": true}
					]
				}
			]
		}
	]
},
	"texture": "moreplayermodels:textures/creature/antlers.png",
	"body_part": "head",
	"menu": "♥ Creature Features",
	"preview_rotation": 315,
	"translate": [0, -7.5, 0],
	"scale": [0.31, 0.31, 0.31],
	"rotate_offset": [0, 0, 0.0],
	"rotate": [0.0, 0, 0.0],
	"author": "Ruvy"
}