{
	"name": "Deer Ears",
	"render_type": "bedrock",
	"hidden_parts": [none],
	"render_data" : {
	"format_version": "1.12.0",
	"minecraft:geometry": [
		{
			"description": {
				"identifier": "geometry.unknown",
				"texture_width": 64,
				"texture_height": 64,
				"visible_bounds_width": 5,
				"visible_bounds_height": 2.5,
				"visible_bounds_offset": [0, 0.75, 0]
			},
			"bones": [
				{
					"name": "ear1",
					"pivot": [-10.66056, 0, 1.09197],
					"rotation": [29.29918, 8.00165, 41.02895],
					"cubes": [
						{"origin": [-21.85686, 2.20469, 0.40257], "size": [12, 3, 2], "pivot": [-20.1772, 2.5237, 1.40257], "rotation": [7.5, 0, 20], "uv": [0, 6]},
						{"origin": [-29.33533, 3.57333, 0.40257], "size": [10, 2, 2], "pivot": [-20.1772, 2.5237, 1.40257], "rotation": [7.5, 0, -27.5], "uv": [23, 23]},
						{"origin": [-29.33533, -5.57333, 0.40257], "size": [10, 2, 2], "pivot": [-20.1772, -2.5237, 1.40257], "rotation": [-7.5, 0, 27.5], "uv": [0, 20]},
						{"origin": [-21.85686, -5.20469, 0.40257], "size": [12, 3, 2], "pivot": [-20.1772, -2.5237, 1.40257], "rotation": [-7.5, 0, -20], "uv": [0, 0]},
						{"origin": [-28.88533, 1.97333, 2.10257], "size": [8, 2, 1], "pivot": [-20.1772, 2.5237, 1.60257], "rotation": [7.5, -5, -17.5], "uv": [26, 19]},
						{"origin": [-28.88533, -3.97333, 2.10257], "size": [8, 2, 1], "pivot": [-20.1772, -2.5237, 1.60257], "rotation": [-7.5, -5, 17.5], "uv": [0, 25]},
						{"origin": [-22.08715, 1.30287, 2.16401], "size": [12, 2, 1], "pivot": [-20.40748, 1.12188, 1.16401], "rotation": [7.5, 2.5, 12.5], "uv": [0, 16]},
						{"origin": [-22.08715, -3.30287, 2.16401], "size": [12, 2, 1], "pivot": [-20.40748, -1.12188, 1.16401], "rotation": [-7.5, 2.5, -12.5], "uv": [0, 12]},
						{"origin": [-26.88533, -0.02667, 2.40257], "size": [6, 2, 1], "pivot": [-20.1772, 2.5237, 1.60257], "rotation": [7.5, -7.5, -10], "uv": [29, 0]},
						{"origin": [-28.88533, 0.97333, 2.40257], "size": [2, 1, 1], "pivot": [-20.1772, 2.5237, 1.60257], "rotation": [7.5, -7.5, -10], "uv": [14, 32]},
						{"origin": [-26.88533, -1.97333, 2.40257], "size": [6, 2, 1], "pivot": [-20.1772, -2.5237, 1.60257], "rotation": [-7.5, -7.5, 10], "uv": [0, 29]},
						{"origin": [-28.88533, -1.97333, 2.40257], "size": [2, 1, 1], "pivot": [-20.1772, -2.5237, 1.60257], "rotation": [-7.5, -7.5, 10], "uv": [29, 8]},
						{"origin": [-21.08982, -1.97333, 2.50257], "size": [6, 2, 1], "pivot": [-21.79795, -2.5237, 1.70257], "rotation": [-7.5, 5, -10], "uv": [18, 28]},
						{"origin": [-15.08982, -1.97333, 2.50257], "size": [2, 1, 1], "pivot": [-21.79795, -2.5237, 1.70257], "rotation": [-7.5, 5, -10], "uv": [28, 5]},
						{"origin": [-15.08982, 0.97333, 2.50257], "size": [2, 1, 1], "pivot": [-21.79795, 2.5237, 1.70257], "rotation": [7.5, 5, 10], "uv": [27, 16]},
						{"origin": [-21.08982, -0.02667, 2.50257], "size": [6, 2, 1], "pivot": [-21.79795, 2.5237, 1.70257], "rotation": [7.5, 5, 10], "uv": [27, 12]}
					]
				},
				{
					"name": "ear2",
					"pivot": [10.66056, 0, 1.09197],
					"rotation": [29.29918, -8.00165, -41.02895],
					"cubes": [
						{"origin": [9.85686, 2.20469, 0.40257], "size": [12, 3, 2], "pivot": [20.1772, 2.5237, 1.40257], "rotation": [7.5, 0, -20], "uv": [0, 6], "mirror": true},
						{"origin": [19.33533, 3.57333, 0.40257], "size": [10, 2, 2], "pivot": [20.1772, 2.5237, 1.40257], "rotation": [7.5, 0, 27.5], "uv": [23, 23], "mirror": true},
						{"origin": [19.33533, -5.57333, 0.40257], "size": [10, 2, 2], "pivot": [20.1772, -2.5237, 1.40257], "rotation": [-7.5, 0, -27.5], "uv": [0, 20], "mirror": true},
						{"origin": [9.85686, -5.20469, 0.40257], "size": [12, 3, 2], "pivot": [20.1772, -2.5237, 1.40257], "rotation": [-7.5, 0, 20], "uv": [0, 0], "mirror": true},
						{"origin": [20.88533, 1.97333, 2.10257], "size": [8, 2, 1], "pivot": [20.1772, 2.5237, 1.60257], "rotation": [7.5, 5, 17.5], "uv": [26, 19], "mirror": true},
						{"origin": [20.88533, -3.97333, 2.10257], "size": [8, 2, 1], "pivot": [20.1772, -2.5237, 1.60257], "rotation": [-7.5, 5, -17.5], "uv": [0, 25], "mirror": true},
						{"origin": [10.08715, 1.30287, 2.16401], "size": [12, 2, 1], "pivot": [20.40748, 1.12188, 1.16401], "rotation": [7.5, -2.5, -12.5], "uv": [0, 16], "mirror": true},
						{"origin": [10.08715, -3.30287, 2.16401], "size": [12, 2, 1], "pivot": [20.40748, -1.12188, 1.16401], "rotation": [-7.5, -2.5, 12.5], "uv": [0, 12], "mirror": true},
						{"origin": [20.88533, -0.02667, 2.40257], "size": [6, 2, 1], "pivot": [20.1772, 2.5237, 1.60257], "rotation": [7.5, 7.5, 10], "uv": [29, 0], "mirror": true},
						{"origin": [26.88533, 0.97333, 2.40257], "size": [2, 1, 1], "pivot": [20.1772, 2.5237, 1.60257], "rotation": [7.5, 7.5, 10], "uv": [14, 32], "mirror": true},
						{"origin": [20.88533, -1.97333, 2.40257], "size": [6, 2, 1], "pivot": [20.1772, -2.5237, 1.60257], "rotation": [-7.5, 7.5, -10], "uv": [0, 29], "mirror": true},
						{"origin": [26.88533, -1.97333, 2.40257], "size": [2, 1, 1], "pivot": [20.1772, -2.5237, 1.60257], "rotation": [-7.5, 7.5, -10], "uv": [29, 8], "mirror": true},
						{"origin": [15.08982, -1.97333, 2.50257], "size": [6, 2, 1], "pivot": [21.79795, -2.5237, 1.70257], "rotation": [-7.5, -5, 10], "uv": [18, 28], "mirror": true},
						{"origin": [13.08982, -1.97333, 2.50257], "size": [2, 1, 1], "pivot": [21.79795, -2.5237, 1.70257], "rotation": [-7.5, -5, 10], "uv": [28, 5], "mirror": true},
						{"origin": [13.08982, 0.97333, 2.50257], "size": [2, 1, 1], "pivot": [21.79795, 2.5237, 1.70257], "rotation": [7.5, -5, -10], "uv": [27, 16], "mirror": true},
						{"origin": [15.08982, -0.02667, 2.50257], "size": [6, 2, 1], "pivot": [21.79795, 2.5237, 1.70257], "rotation": [7.5, -5, -10], "uv": [27, 12], "mirror": true}
					]
				}
			]
		}
	]
},
	"texture": "moreplayermodels:textures/creature/deer_ears.png",
	"body_part": "head",
	"menu": "♥ Creature Features",
	"preview_rotation": 315,
	"translate": [0, -3, -1],
	"scale": [0.33, 0.33, 0.33],
	"rotate_offset": [0, 0, 0.0],
	"rotate": [0.0, 0, 0.0],
	"author": "Ruvy"
}