{
	"name": "Deer Tail",
	"render_type": "bedrock",
	"hidden_parts": [none],
	"render_data" : {
	"format_version": "1.12.0",
	"minecraft:geometry": [
		{
			"description": {
				"identifier": "geometry.tail_deer",
				"texture_width": 16,
				"texture_height": 16,
				"visible_bounds_width": 2,
				"visible_bounds_height": 2.5,
				"visible_bounds_offset": [0, 0.75, 0]
			},
			"bones": [
				{
					"name": "tail",
					"pivot": [0, 13.24708, 2.03719],
					"rotation": [-40, 0, 0],
					"cubes": [
						{"origin": [-1, 13.9987, 1.27022], "size": [2, 1, 2], "pivot": [-0.00007, 14.66001, 4.15412], "rotation": [22.5, 0, 0], "uv": [0, 6]},
						{"origin": [-1.001, 14.30071, 3.21503], "size": [2, 1, 2], "pivot": [-0.00007, 14.66001, 4.15412], "rotation": [45, 0, 0], "uv": [0, 3]},
						{"origin": [-0.5, 14.65267, 3.64207], "size": [1, 2, 1], "pivot": [-0.00007, 14.66001, 4.15412], "rotation": [-22.5, 0, 0], "uv": [0, 9]},
						{"origin": [0.5, 13.39657, 1.33915], "size": [1, 1, 2], "pivot": [-0.00007, 14.66001, 4.15412], "rotation": [22.5, 0, 0], "uv": [6, 4]},
						{"origin": [0.6, 13.7285, 3.30037], "size": [1, 1, 1], "pivot": [-0.00007, 14.66001, 4.15412], "rotation": [45, 0, 0], "uv": [10, 7]},
						{"origin": [0.45, 14.82133, 4.14681], "size": [1, 1, 1], "pivot": [-0.00007, 14.66001, 4.15412], "rotation": [-22.5, 0, 0], "uv": [10, 4]},
						{"origin": [0.2, 15.73573, 4.34179], "size": [1, 1, 1], "uv": [4, 10]},
						{"origin": [-1.2, 15.73573, 4.34179], "size": [1, 1, 1], "uv": [4, 10], "mirror": true},
						{"origin": [-1.45, 14.82133, 4.14681], "size": [1, 1, 1], "pivot": [-0.00007, 14.66001, 4.15412], "rotation": [-22.5, 0, 0], "uv": [10, 4], "mirror": true},
						{"origin": [-1.6, 13.7285, 3.30037], "size": [1, 1, 1], "pivot": [-0.00007, 14.66001, 4.15412], "rotation": [45, 0, 0], "uv": [10, 7], "mirror": true},
						{"origin": [-1.5, 13.39657, 1.33915], "size": [1, 1, 2], "pivot": [-0.00007, 14.66001, 4.15412], "rotation": [22.5, 0, 0], "uv": [6, 4], "mirror": true},
						{"origin": [-0.5, 14.97149, 5.15566], "size": [1, 2, 1], "pivot": [-0.00007, 14.66001, 4.15412], "rotation": [22.5, 0, 0], "uv": [7, 8]},
						{"origin": [-0.5, 14.83846, 4.39207], "size": [1, 1, 1], "pivot": [-0.00007, 14.66001, 4.15412], "rotation": [-22.5, 0, 0], "uv": [10, 0]},
						{"origin": [-1, 13.43183, 3.02474], "size": [2, 1, 2], "pivot": [-0.00007, 14.66001, 4.15412], "rotation": [45, 0, 0], "uv": [0, 0]},
						{"origin": [-0.5, 12.8817, 1.52467], "size": [1, 1, 2], "pivot": [-0.00007, 14.66001, 4.15412], "rotation": [22.5, 0, 0], "uv": [6, 1]}
					]
				}
			]
		}
	]
},
	"animation_data": {
  "walk" : {
    "animation_length" : 3,
    "animation_speed" : 1.0,
    "additional" : true,
    "bones" : {
      "tail" : {
        "rotation": [[15, -20, 0], [15, 0, 0], [15, 20, 0]]
      }
    }
  },
  "idle" : {
    "animation_length" : 4,
    "animation_speed" : 0.7,
    "additional" : true,
    "bones" : {
      "tail" : {
        "rotation": [[0, -1, 0], [4, 0, 0], [0, 0, 0],[0, 1, 0]]
      }
    }
  },
  "fly" : {
    "animation_length" : 3,
    "animation_speed" : 1.0,
    "additional" : true,
    "bones" : {
      "tail" : {
        "rotation": [[15, -20, 0], [15, 0, 0], [15, 20, 0]]
      }
    }
  },
  "fly_idle" : {
    "animation_length" : 4,
    "animation_speed" : 0.7,
    "additional" : true,
    "bones" : {
      "tail" : {
        "rotation": [[0, -1, 0], [4, 0, 0], [0, 0, 0],[0, 1, 0]]
      }
    }
  },
  "wag" : {
    "animation_length" : 2,
    "animation_speed" : 3.0,
    "additional" : true,
    "bones" : {
      "tail" : {
        "rotation": [[10, -20, 0], [10, 20, 0]]
      }
    }
  },
  "sleep" : {
    "animation_length" : 1,
    "animation_speed" : 1.0,
    "additional" : true,
    "bones" : {
      "tail" : {
        "rotation": [[-45, 0, 0]]
      }
    }
  },
  "crawl" : {
    "animation_length" : 1,
    "animation_speed" : 1.0,
    "additional" : true,
    "bones" : {
      "tail" : {
        "rotation": [[-45, 0, 0]]
      }
    }
  }
},
	"texture": "moreplayermodels:textures/creature/deer_tail.png",
	"body_part": "body",
	"menu": "♥ Creature Features",
	"preview_rotation": 135,
	"translate": [0, 11, 0],
	"scale": [1, 1, 1],
	"rotate_offset": [0, -12, 0.0],
	"rotate": [0.0, 0, 0.0],
	"can_use_player_skin" : false,
	"author": "Ruvy"
}