{
	"name": "Feathered Cheek Crest (Left)",
	"parent": "moreplayermodels:parts/creature/feather_crest_both.json",
	"render_type": "bedrock",
	"hidden_parts": [none],
	"render_data" : {
	"format_version": "1.12.0",
	"minecraft:geometry": [
		{
			"description": {
				"identifier": "geometry.steve",
				"texture_width": 128,
				"texture_height": 128,
				"visible_bounds_width": 3,
				"visible_bounds_height": 4.5,
				"visible_bounds_offset": [0, 1.75, 0]
			},
			"bones": [
				{
					"name": "head",
					"pivot": [0, 24, 0]
				},
				{
					"name": "left_crest",
					"parent": "head",
					"pivot": [4, 28, -1],
					"cubes": [
						{"origin": [4.03806, 27, -0.80866], "size": [0, 2, 8], "pivot": [3.53806, 27.5, -0.80866], "rotation": [0, 45, 0], "uv": [17, 83]},
						{"origin": [4.00882, 28.5, -0.03407], "size": [0, 2, 8], "pivot": [4.25882, 28.5, -0.03407], "rotation": [5, 37.5, 0], "uv": [52, 82]},
						{"origin": [3.88053, 25.5, -0.00856], "size": [0, 2, 8], "pivot": [4.13053, 26.5, -0.00856], "rotation": [-5, 30, 0], "uv": [0, 82]},
						{"origin": [2.88053, 26.5, 1.99144], "size": [0, 2, 8], "pivot": [3.13053, 27.5, 1.99144], "rotation": [8.32422, 29.81106, 1.86586], "uv": [78, 31]},
						{"origin": [3.03806, 28, 1.19134], "size": [0, 2, 8], "pivot": [2.53806, 28.5, 1.19134], "rotation": [16.23144, 44.32489, 6.64862], "uv": [79, 78]},
						{"origin": [3.00882, 29.5, 1.96593], "size": [0, 2, 8], "pivot": [3.25882, 29.5, 1.96593], "rotation": [19.51806, 37.09177, 4.02707], "uv": [80, 2]},
						{"origin": [3.88053, 25, 0.99144], "size": [0, 2, 6], "pivot": [4.13053, 26, 0.99144], "rotation": [-28.94097, 29.39453, -3.28662], "uv": [97, 56]},
						{"origin": [4.03806, 26.5, 0.19134], "size": [0, 2, 8], "pivot": [3.53806, 27, 0.19134], "rotation": [-28.8368, 42.85882, -11.52421], "uv": [35, 81]},
						{"origin": [4.00882, 28, 0.96593], "size": [0, 2, 6], "pivot": [4.25882, 28, 0.96593], "rotation": [-20.98345, 36.19674, -7.04993], "uv": [73, 97]},
						{"origin": [4.00882, 26, 0.21593], "size": [0, 2, 6], "pivot": [4.25882, 28, 0.21593], "rotation": [20.26666, 31.23236, 6.65169], "uv": [11, 94]},
						{"origin": [4.03806, 27.5, -0.55866], "size": [0, 2, 8], "pivot": [3.53806, 29, -0.55866], "rotation": [27.57149, 37.95234, 10.70328], "uv": [44, 71]},
						{"origin": [3.88053, 29, 0.24144], "size": [0, 2, 6], "pivot": [4.13053, 30, 0.24144], "rotation": [28.62659, 24.40239, 3.14426], "uv": [66, 94]}
					]
				}
			]
		}
	]
},
	"texture": "moreplayermodels:textures/creature/head_feathers.png",
	"body_part": "head",
	"menu": "♥ Creature Features",
	"animation_inherit": "feather_crest",
	"preview_rotation": 315,
	"translate": [0, 24, 0],
	"scale": [1, 1, 1],
	"rotate_offset": [0, 0, 0.0],
	"rotate": [0.0, 0, 0.0],
	"author": "Ruvy"
}