{
	"name": "Feathered Crest (Center)",
	"parent": "moreplayermodels:parts/creature/feather_crest_all.json",
	"render_type": "bedrock",
	"hidden_parts": [none],
	"render_data" : {
	"format_version": "1.12.0",
	"minecraft:geometry": [
		{
			"description": {
				"identifier": "geometry.steve",
				"texture_width": 128,
				"texture_height": 128,
				"visible_bounds_width": 3,
				"visible_bounds_height": 4.5,
				"visible_bounds_offset": [0, 1.75, 0]
			},
			"bones": [
				{
					"name": "head",
					"pivot": [0, 24, 0]
				},
				{
					"name": "top_crest",
					"parent": "head",
					"pivot": [0, 28, 0]
				},
				{
					"name": "top_crest_front",
					"parent": "top_crest",
					"pivot": [0, 31, -3],
					"cubes": [
						{"origin": [-1.5, 32, -4], "size": [3, 0, 8], "pivot": [0, 32, -4], "rotation": [67.5, 0, 0], "uv": [65, 11]},
						{"origin": [-1.5, 31.94015, -1.95364], "size": [3, 0, 9], "pivot": [0, 32, -1.9], "rotation": [62.5, 0, 0], "uv": [0, 43]},
						{"origin": [-1.5, 31, -4], "size": [3, 0, 6], "pivot": [0, 31, -4], "rotation": [112.5, 0, 0], "uv": [76, 89]},
						{"origin": [-1.5, 31, -4], "size": [3, 0, 6], "pivot": [0, 31, -4], "rotation": [90, 0, 0], "uv": [89, 0]},
						{"origin": [0, 32.77164, -7.04805], "size": [3, 0, 6], "pivot": [1.5, 32.77164, -4.04805], "rotation": [114.14867, -20.70481, -9.00717], "uv": [86, 69]},
						{"origin": [0, 33, -5.9], "size": [3, 0, 6], "pivot": [1.5, 33, -2.9], "rotation": [90, -22.5, 0], "uv": [87, 14]},
						{"origin": [0, 34.69552, -5.36927], "size": [3, 0, 8], "pivot": [1.5, 34.69552, -1.36927], "rotation": [65.85133, -20.70481, 9.00717], "uv": [50, 10]},
						{"origin": [0, 34.91634, -3.19381], "size": [3, 0, 9], "pivot": [1.5, 34.91634, 1.30619], "rotation": [60.60058, -19.84302, 10.82777], "uv": [34, 0]},
						{"origin": [0, 32.67388, -3.43268], "size": [3, 0, 6], "pivot": [0, 32, -3], "rotation": [51.96743, -8.40937, 27.03917], "uv": [63, 87]},
						{"origin": [0.25, 30.92388, -2.13268], "size": [3, 0, 10], "pivot": [0, 32, -3], "rotation": [51.23868, -2.18849, 34.90626], "uv": [17, 12]},
						{"origin": [-3, 34.91634, -3.19381], "size": [3, 0, 9], "pivot": [-1.5, 34.91634, 1.30619], "rotation": [60.60058, 19.84302, -10.82777], "uv": [0, 33]},
						{"origin": [-3, 34.69552, -5.36927], "size": [3, 0, 8], "pivot": [-1.5, 34.69552, -1.36927], "rotation": [65.85133, 20.70481, -9.00717], "uv": [50, 0]},
						{"origin": [-3, 33, -5.9], "size": [3, 0, 6], "pivot": [-1.5, 33, -2.9], "rotation": [90, 22.5, 0], "uv": [84, 62]},
						{"origin": [-3, 32.77164, -7.04805], "size": [3, 0, 6], "pivot": [-1.5, 32.77164, -4.04805], "rotation": [114.14867, 20.70481, 9.00717], "uv": [86, 49]},
						{"origin": [-3.25, 30.92388, -2.13268], "size": [3, 0, 10], "pivot": [0, 32, -3], "rotation": [51.23868, 2.18849, -34.90626], "uv": [17, 1]},
						{"origin": [-3, 32.67388, -3.43268], "size": [3, 0, 6], "pivot": [0, 32, -3], "rotation": [51.96743, 8.40937, -27.03917], "uv": [87, 31]}
					]
				},
				{
					"name": "top_crest_mid",
					"parent": "top_crest",
					"pivot": [0, 31, 3],
					"cubes": [
						{"origin": [-1.5, 32.01888, 0.28533], "size": [3, 0, 10], "pivot": [0, 32, 0.35], "rotation": [57.5, 0, 0], "uv": [0, 22]},
						{"origin": [-1.5, 32.00522, 2.41256], "size": [3, 0, 9], "pivot": [0, 32, 2.5], "rotation": [42.5, 0, 0], "uv": [34, 33]},
						{"origin": [-1.5, 31.46506, 3.82435], "size": [3, 0, 8], "pivot": [0, 30.5, 4], "rotation": [25, 0, 0], "uv": [65, 1]},
						{"origin": [-1.5, 31.72625, 2.16478], "size": [3, 0, 8], "pivot": [0, 26.5, 0], "rotation": [-22.5, 0, 0], "uv": [60, 63]},
						{"origin": [-1.5, 30.5, 3], "size": [3, 0, 8], "pivot": [0, 26.5, 0], "rotation": [0, 0, 0], "uv": [63, 42]},
						{"origin": [0, 35.17255, -0.91417], "size": [3, 0, 10], "pivot": [1.5, 35.17255, 4.08583], "rotation": [55.41141, -18.82943, 12.54707], "uv": [0, 11]},
						{"origin": [0, 33.98493, 2.34975], "size": [3, 0, 9], "pivot": [1.5, 33.98493, 6.84975], "rotation": [40.25057, -14.98328, 16.98216], "uv": [34, 12]},
						{"origin": [0, 31.99088, 3.05819], "size": [3, 0, 8], "pivot": [1.5, 31.99088, 7.05819], "rotation": [23.30696, -9.30727, 20.57639], "uv": [50, 22]},
						{"origin": [0, 29.5, 3], "size": [3, 0, 8], "pivot": [1.5, 29.5, 7], "rotation": [0, 0, 22.5], "uv": [50, 33]},
						{"origin": [0.2, 29.42388, -0.48268], "size": [3, 0, 9], "pivot": [0, 32, -3], "rotation": [46.38519, -3.74715, 48.94529], "uv": [34, 23]},
						{"origin": [-0.2, 29.17388, 2.51732], "size": [3, 0, 8], "pivot": [0, 32, -3], "rotation": [28.81279, 2.3394, 53.28628], "uv": [45, 62]},
						{"origin": [-3, 29.5, 3], "size": [3, 0, 8], "pivot": [-1.5, 29.5, 7], "rotation": [0, 0, -22.5], "uv": [17, 45]},
						{"origin": [-3, 31.99088, 3.05819], "size": [3, 0, 8], "pivot": [-1.5, 31.99088, 7.05819], "rotation": [23.30696, 9.30727, -20.57639], "uv": [48, 44]},
						{"origin": [-3, 33.98493, 2.34975], "size": [3, 0, 9], "pivot": [-1.5, 33.98493, 6.84975], "rotation": [40.25057, 14.98328, -16.98216], "uv": [18, 24]},
						{"origin": [-3, 35.17255, -0.91417], "size": [3, 0, 10], "pivot": [-1.5, 35.17255, 4.08583], "rotation": [55.41141, 18.82943, -12.54707], "uv": [0, 0]},
						{"origin": [-2.8, 29.17388, 2.51732], "size": [3, 0, 8], "pivot": [0, 32, -3], "rotation": [28.81279, -2.3394, -53.28628], "uv": [0, 53]},
						{"origin": [-3.2, 29.42388, -0.48268], "size": [3, 0, 9], "pivot": [0, 32, -3], "rotation": [46.38519, 3.74715, -48.94529], "uv": [16, 34]}
					]
				},
				{
					"name": "top_crest_back",
					"parent": "top_crest",
					"pivot": [0, 26, 1.85],
					"cubes": [
						{"origin": [-2.23758, 32.99706, 0.70897], "size": [3, 0, 8], "pivot": [0, 28, 0], "rotation": [-33.76384, 26.7252, 9.42383], "uv": [30, 61]},
						{"origin": [-0.76242, 32.99706, 0.70897], "size": [3, 0, 8], "pivot": [0, 28, 0], "rotation": [-33.76384, -26.7252, -9.42383], "uv": [15, 63]},
						{"origin": [-3, 27.96927, 3.69552], "size": [3, 0, 8], "pivot": [-1.5, 27.96927, 7.69552], "rotation": [-20.94102, -8.42106, -20.94102], "uv": [33, 43]},
						{"origin": [0, 27.96927, 3.69552], "size": [3, 0, 8], "pivot": [1.5, 27.96927, 7.69552], "rotation": [-20.94102, 8.42106, 20.94102], "uv": [32, 52]},
						{"origin": [-0.84817, 31.24706, 1.60307], "size": [3, 0, 8], "pivot": [0, 28, 0], "rotation": [-33.10137, -24.63873, -10.95212], "uv": [62, 54]},
						{"origin": [-1.5, 29.97246, 2.61709], "size": [3, 0, 7], "pivot": [0, 26.5, 0], "rotation": [-27.5, 0, 0], "uv": [31, 70]},
						{"origin": [-2.15183, 31.24706, 1.60307], "size": [3, 0, 8], "pivot": [0, 28, 0], "rotation": [-33.10137, 24.63873, 10.95212], "uv": [15, 54]},
						{"origin": [0, 25.75556, 3.52933], "size": [3, 0, 7], "pivot": [1.5, 25.75556, 7.02933], "rotation": [-25.68482, 10.17781, 20.17393], "uv": [65, 31]},
						{"origin": [-3, 25.75556, 3.52933], "size": [3, 0, 7], "pivot": [-1.5, 25.75556, 7.02933], "rotation": [-25.68482, -10.17781, -20.17393], "uv": [65, 20]},
						{"origin": [-1.5, 28.37289, 3.49695], "size": [3, 0, 6], "pivot": [0, 26.5, 0], "rotation": [-32.5, 0, 0], "uv": [88, 76]},
						{"origin": [-3.00594, 29.2607, 2.49032], "size": [3, 0, 8], "pivot": [0, 28, 0], "rotation": [-28.81661, 30.01425, 21.9586], "uv": [47, 53]},
						{"origin": [0.00594, 29.2607, 2.49032], "size": [3, 0, 8], "pivot": [0, 28, 0], "rotation": [-28.81661, -30.01425, -21.9586], "uv": [0, 62]},
						{"origin": [-3, 23.58877, 3.48577], "size": [3, 0, 6], "pivot": [-1.5, 23.58877, 6.48577], "rotation": [-30.48005, -11.86554, -19.25656], "uv": [78, 42]},
						{"origin": [0.2814, 28.77683, 3.9287], "size": [3, 0, 5], "pivot": [0, 28, 0], "rotation": [-46.18284, -41.59986, -20.43341], "uv": [29, 92]},
						{"origin": [-3.2814, 28.77683, 3.9287], "size": [3, 0, 5], "pivot": [0, 28, 0], "rotation": [-46.18284, 41.59986, 20.43341], "uv": [92, 8]},
						{"origin": [0, 23.58877, 3.48577], "size": [3, 0, 6], "pivot": [1.5, 23.58877, 6.48577], "rotation": [-30.48005, 11.86554, 19.25656], "uv": [87, 21]},
						{"origin": [0, 22.21096, 1.62633], "size": [3, 0, 5], "pivot": [1.5, 22.21096, 4.62633], "rotation": [-45.23502, 16.3882, 15.63367], "uv": [91, 38]},
						{"origin": [-1.5, 24.06296, 3.91704], "size": [3, 0, 5], "pivot": [0, 24.03547, 3.91719], "rotation": [-47.5, 0, 0], "uv": [0, 93]},
						{"origin": [-3, 22.21096, 1.62633], "size": [3, 0, 5], "pivot": [-1.5, 22.21096, 4.62633], "rotation": [-45.23502, -16.3882, -15.63367], "uv": [89, 89]},
						{"origin": [-3, 22.18727, -0.48017], "size": [3, 0, 4], "pivot": [-1.5, 22.18727, 1.76983], "rotation": [-63.21865, -20.29348, -9.92926], "uv": [9, 72]},
						{"origin": [0, 22.18727, -0.48017], "size": [3, 0, 4], "pivot": [1.5, 22.18727, 1.76983], "rotation": [-63.21865, 20.29348, 9.92926], "uv": [53, 72]},
						{"origin": [-1.5, 24.97387, 1.30424], "size": [3, 0, 4], "pivot": [0, 24, 0.85], "rotation": [-65, 0, 0], "uv": [44, 82]}
					]
				}
			]
		}
	]
},
	"texture": "moreplayermodels:textures/creature/head_feathers.png",
	"body_part": "head",
	"menu": "♥ Creature Features",
	"animation_inherit": "feather_crest",
	"preview_rotation": 315,
	"translate": [0, 24, 0],
	"scale": [1, 1, 1],
	"rotate_offset": [0, 0, 0.0],
	"rotate": [0.0, 0, 0.0],
	"author": "Ruvy"
}