{
	"name": "Goat Head",
	"render_type": "bedrock",
	"hidden_parts": [HEAD],
	"render_data" : {
	"format_version": "1.12.0",
	"minecraft:geometry": [
		{
			"description": {
				"identifier": "geometry.steve",
				"texture_width": 64,
				"texture_height": 64,
				"visible_bounds_width": 3,
				"visible_bounds_height": 3.5,
				"visible_bounds_offset": [0, 1.25, 0]
			},
			"bones": [
				{
					"name": "head",
					"pivot": [0, 23, -0.25],
					"cubes": [
						{"origin": [-2.5, 25, -11.25], "size": [5, 7, 10], "pivot": [0.5, 28, -3.25], "rotation": [55, 0, 0], "uv": [34, 46]},
						{"origin": [2.5, 29, -5.25], "size": [3, 2, 1], "uv": [2, 61], "mirror": true},
						{"origin": [-5.5, 29, -5.25], "size": [3, 2, 1], "uv": [2, 61]},
						{"origin": [0, 16, -9.25], "size": [0, 7, 5], "inflate": 0.025, "uv": [23, 52]},
						{"origin": [-2.5, 21.65648, -5.58891], "size": [5, 4, 5], "pivot": [0, 26.15648, -1.48891], "rotation": [55, 0, 0], "uv": [12, 17]}
					]
				},
				{
					"name": "right_horn",
					"parent": "head",
					"pivot": [0.5, 18, -7.25],
					"cubes": [
						{"origin": [-2.49, 29, -5.25], "size": [2, 7, 2], "uv": [12, 55]}
					]
				},
				{
					"name": "left_horn",
					"parent": "head",
					"pivot": [0.5, 18, -7.25],
					"cubes": [
						{"origin": [0.49, 29, -5.25], "size": [2, 7, 2], "uv": [12, 55]}
					]
				}
			]
		}
	]
},
	"texture": "minecraft:textures/entity/goat/goat.png",
	"body_part": "head",
	"menu": "♥ Creature Features",
	"preview_rotation": 315,
	"translate": [0, 21, 0],
	"scale": [0.9, 0.9, 0.9],
	"rotate_offset": [0, 0, 0.0],
	"rotate": [0.0, 0, 0.0],
	"author": "Ruvy/Mojang"
}