{
	"name": "Skeleton Horse Head",
	"parent": "moreplayermodels:parts/creature/goat_head.json",
	"render_type": "bedrock",
	"hidden_parts": [HEAD],
	"render_data" : {
	"format_version": "1.12.0",
	"minecraft:geometry": [
		{
			"description": {
				"identifier": "geometry.steve",
				"texture_width": 64,
				"texture_height": 64,
				"visible_bounds_width": 2,
				"visible_bounds_height": 4.5,
				"visible_bounds_offset": [0, 1.75, 0]
			},
			"bones": [
				{
					"name": "head",
					"pivot": [0, 24, 0]
				},
				{
					"name": "Neck",
					"parent": "head",
					"pivot": [0, 20, -0.5],
					"cubes": [
						{"origin": [-2, 19, -3.5], "size": [4, 12, 7], "uv": [0, 35]}
					]
				},
				{
					"name": "Head2",
					"parent": "Neck",
					"pivot": [0, 31, -3.5],
					"cubes": [
						{"origin": [-3, 31, -3.5], "size": [6, 5, 7], "uv": [0, 13]}
					]
				},
				{
					"name": "Muzzle",
					"parent": "Head2",
					"pivot": [0, 31, -3.5],
					"cubes": [
						{"origin": [-2, 31, -8.5], "size": [4, 5, 5], "uv": [0, 25]}
					]
				},
				{
					"name": "EarL",
					"parent": "Head2",
					"pivot": [0, 20, -0.5],
					"rotation": [0, 0, 5],
					"cubes": [
						{"origin": [-0.5, 35, 2.49], "size": [2, 3, 1], "uv": [19, 16], "mirror": true}
					]
				},
				{
					"name": "EarR",
					"parent": "Head2",
					"pivot": [0, 20, -0.5],
					"rotation": [0, 0, -5],
					"cubes": [
						{"origin": [-1.5, 35, 2.49], "size": [2, 3, 1], "uv": [19, 16]}
					]
				},
				{
					"name": "MuleEarL",
					"parent": "Head2",
					"pivot": [0, 20, -0.5],
					"rotation": [0, 0, 15],
					"cubes": [
						{"origin": [-3, 35, 2.49], "size": [2, 7, 1], "uv": [0, 12], "mirror": true}
					]
				},
				{
					"name": "MuleEarR",
					"parent": "Head2",
					"pivot": [0, 20, -0.5],
					"rotation": [0, 0, -15],
					"cubes": [
						{"origin": [1, 35, 2.49], "size": [2, 7, 1], "uv": [0, 12]}
					]
				},
				{
					"name": "Mane",
					"parent": "Neck",
					"pivot": [0, 20, -0.5],
					"cubes": [
						{"origin": [-1, 20, 3.55], "size": [2, 16, 2], "uv": [56, 36]}
					]
				}
			]
		}
	]
},
	"texture": "minecraft:textures/entity/horse/horse_skeleton.png",
	"body_part": "head",
	"menu": "♥ Creature Features",
	"preview_rotation": 315,
	"translate": [0, 22, 0],
	"scale": [0.9, 0.9, 0.9],
	"rotate_offset": [0, 0, 0.0],
	"rotate": [0.0, 0, 0.0],
	"author": "Ruvy/Mojang"
}