{
  "static" : {
    "animation_length" : 2,
    "animation_speed" : 0.25,
    "additional" : true,
			"bones": {
				"left_crest": {
					"rotation": [[5.019, -4.98093, -0.43688], [-5.019, 4.98093, -0.43688]]
				},
				"right_crest": {
					"rotation": [[5.019, 4.98093, 0.43688], [-5.019, -4.98093, 0.43688]]
				},
				"top_crest_mid": {
					"rotation": [[-7.5, 0, 0], [7.5, 0, 0]]
				},
				"top_crest_back": {
					"rotation": [[-10, 0, 0], [5, 0, 0]]
				},
				"top_crest_front": {
					"rotation": [[-5, 0, 0], [10, 0, 0]]
				}
			}
  }
}