{
	"name": "Hamster",
	"render_type": "bedrock",
	"hidden_parts": [],
	"render_data" : {
	"format_version": "1.12.0",
	"minecraft:geometry": [
		{
			"description": {
				"identifier": "geometry.unknown",
				"texture_width": 16,
				"texture_height": 16,
				"visible_bounds_width": 3,
				"visible_bounds_height": 3.5,
				"visible_bounds_offset": [0, 1.25, 0]
			},
			"bones": [
				{
					"name": "right_arm",
					"pivot": [-5, 22, 0],
					"rotation": [-7.5, 0, 0],
					"cubes": [
						{"origin": [-7.5, 24, -1.7], "size": [3, 3, 4], "uv": [0, 0]},
						{"origin": [-7.4, 24.9, -1.7], "size": [1, 1, 1], "inflate": 0.01, "uv": [6, 7]},
						{"origin": [-5.6, 24.9, -1.7], "size": [1, 1, 1], "inflate": 0.01, "uv": [0, 2]}
					]
				},
				{
					"name": "bone460",
					"parent": "right_arm",
					"pivot": [-6, 24.2, 2.3],
					"cubes": [
						{"origin": [-6.5, 24.2, 2.3], "size": [1, 1, 1], "pivot": [-6, 24.2, 2.3], "rotation": [35, 0, 0], "uv": [0, 9]}
					]
				},
				{
					"name": "bone458",
					"parent": "right_arm",
					"pivot": [0, 0, 0.3],
					"cubes": [
						{"origin": [-8, 26.5, -1.505], "size": [1, 1, 0], "pivot": [-7.5, 26.5, -1.5], "rotation": [0, 15, 10], "uv": [7, 9]},
						{"origin": [-8, 26.5, -1.5], "size": [1, 1, 0], "pivot": [-7.5, 26.5, -1.5], "rotation": [0, 15, 10], "uv": [5, 9]}
					]
				},
				{
					"name": "bone459",
					"parent": "right_arm",
					"pivot": [-12, 0, 0.3],
					"cubes": [
						{"origin": [-5, 26.5, -1.505], "size": [1, 1, 0], "pivot": [-4.5, 26.5, -1.5], "rotation": [0, -15, -10], "uv": [3, 9]},
						{"origin": [-5, 26.5, -1.5], "size": [1, 1, 0], "pivot": [-4.5, 26.5, -1.5], "rotation": [0, -15, -10], "uv": [5, 7]}
					]
				},
				{
					"name": "bone456",
					"parent": "right_arm",
					"pivot": [-6, 24, -1.7],
					"rotation": [-57.5, 0, 0],
					"cubes": [
						{"origin": [-7, 24, -2.7], "size": [2, 1, 1], "uv": [0, 7]},
						{"origin": [-6.5, 24, -2.7], "size": [1, 1, 1], "inflate": 0.01, "uv": [0, 0]}
					]
				}
			]
		}
	]
},
	"texture": "moreplayermodels:textures/hamster2.png",
	"body_part": "arms",
	"menu": "CORVUS_Misc",
	"parent":"moreplayermodels:parts/corvus_misc/rat.json",
	"animation_type": "arms",
	"preview_rotation": 45,
	"can_use_player_skin" : true,
	"author": "nymphbat"
}