{
	"name": "Orange",
	"render_type": "bedrock",
	"hidden_parts": [],
	"render_data" : {
	"format_version": "1.12.0",
	"minecraft:geometry": [
		{
			"description": {
				"identifier": "geometry.unknown",
				"texture_width": 16,
				"texture_height": 16,
				"visible_bounds_width": 2,
				"visible_bounds_height": 3.5,
				"visible_bounds_offset": [0, 1.25, 0]
			},
			"bones": [
				{
					"name": "orange",
					"pivot": [0, 0, 0]
				},
				{
					"name": "bone368",
					"parent": "orange",
					"pivot": [0, 33, -0.5],
					"rotation": [0, 0, 10],
					"cubes": [
						{"origin": [-1, 32, -1.5], "size": [2, 2, 2], "inflate": 0.25, "uv": [0, 0]}
					]
				},
				{
					"name": "bone366",
					"parent": "bone368",
					"pivot": [0, 34, -1],
					"rotation": [0, 0, 10],
					"cubes": [
						{"origin": [-0.5, 33, -1], "size": [1, 2, 1], "uv": [0, 4]}
					]
				},
				{
					"name": "bone367",
					"parent": "bone366",
					"pivot": [0.5, 34.5, -1],
					"rotation": [0, 0, 45],
					"cubes": [
						{"origin": [0.5, 34.5, -1], "size": [0, 1, 1], "uv": [0, 0]}
					]
				}
			]
		}
	]
},
	"texture": "moreplayermodels:textures/orange.png",
	"body_part": "head",
	"menu": "CORVUS_Misc",
	"preview_rotation": 315,
	"translate": [0, 12, 0],
	"scale": [1.0, 1.0, 1.0],
	"rotate_offset": [0, -12, 0.0],
	"rotate": [0.0, 0, 0.0],
	"can_use_player_skin" : true,
	"author": "nymphbat"
}