{
	"name": "Snail",
	"render_type": "bedrock",
	"hidden_parts": [],
	"render_data" : {
	"format_version": "1.12.0",
	"minecraft:geometry": [
		{
			"description": {
				"identifier": "geometry.unknown",
				"texture_width": 16,
				"texture_height": 16,
				"visible_bounds_width": 2,
				"visible_bounds_height": 3.5,
				"visible_bounds_offset": [0, 1.25, 0]
			},
			"bones": [
				{
					"name": "left_arm",
					"pivot": [5, 22, 0]
				},
				{
					"name": "bone364",
					"parent": "left_arm",
					"pivot": [6, 23, 0.5],
					"cubes": [
						{"origin": [5, 23.8, -1.75], "size": [1, 1, 3], "uv": [0, 0]}
					]
				},
				{
					"name": "bone365",
					"parent": "bone364",
					"pivot": [5.5, 24.95, 0.55],
					"rotation": [15, 0, 0],
					"cubes": [
						{"origin": [5, 24, -0.5], "size": [1, 2, 2], "inflate": 0.15, "uv": [0, 4]},
						{"origin": [5, 24.4, 0.1], "size": [1, 1, 1], "inflate": 0.175, "pivot": [5.5, 24.9, 0.6], "rotation": [15, 0, 0], "uv": [4, 4]}
					]
				}
			]
		}
	]
},
	"texture": "moreplayermodels:textures/snail.png",
	"body_part": "arms",
	"menu": "CORVUS_Misc",
	"animation_type": "arms",
	"preview_rotation": 45,
	"can_use_player_skin" : true,
	"author": "nymphbat"
}