{
	"name": "Canine Head",
	"render_type": "bedrock",
	"hidden_parts": ["head"],
	"render_data" : {
	"format_version": "1.12.0",
	"minecraft:geometry": [
		{
			"description": {
				"identifier": "geometry.unknown",
				"texture_width": 32,
				"texture_height": 32,
				"visible_bounds_width": 3,
				"visible_bounds_height": 3.5,
				"visible_bounds_offset": [0, 1.25, 0]
			},
			"bones": [
				{
					"name": "head",
					"pivot": [0, 24, 0]
				},
				{
					"name": "bone622",
					"parent": "head",
					"pivot": [0, 24, 0],
					"rotation": [-2.5, 0, 0],
					"cubes": [
						{"origin": [-4, 24, -4], "size": [8, 8, 8], "uv": [0, 0]}
					]
				},
				{
					"name": "bone628",
					"parent": "bone622",
					"pivot": [4, 24.5, -1],
					"rotation": [10, -52.5, -20],
					"cubes": [
						{"origin": [2, 24.5, -1], "size": [7, 6, 0], "uv": [18, 22]}
					]
				},
				{
					"name": "bone629",
					"parent": "bone622",
					"pivot": [-4, 24.5, -1],
					"rotation": [10, 52.5, 20],
					"cubes": [
						{"origin": [-9, 24.5, -1], "size": [7, 6, 0], "uv": [18, 16]}
					]
				},
				{
					"name": "bone624",
					"parent": "bone622",
					"pivot": [2.5, 32, 0.5],
					"rotation": [10, -35, 32.5],
					"cubes": [
						{"origin": [1, 31, 0], "size": [3, 4, 1], "inflate": 0.01, "uv": [0, 23]}
					]
				},
				{
					"name": "bone625",
					"parent": "bone624",
					"pivot": [3, 35, 1],
					"cubes": [
						{"origin": [1, 35, 0], "size": [2, 1, 1], "uv": [24, 0]}
					]
				},
				{
					"name": "bone626",
					"parent": "bone622",
					"pivot": [-2.5, 32, 0.5],
					"rotation": [10, 35, -32.5],
					"cubes": [
						{"origin": [-4, 31, 0], "size": [3, 4, 1], "inflate": 0.01, "uv": [0, 0]}
					]
				},
				{
					"name": "bone627",
					"parent": "bone626",
					"pivot": [-3, 35, 1],
					"cubes": [
						{"origin": [-3, 35, 0], "size": [2, 1, 1], "uv": [8, 23]}
					]
				},
				{
					"name": "bone621",
					"parent": "bone622",
					"pivot": [-0.5, 24, -4],
					"rotation": [10, 0, 0],
					"cubes": [
						{"origin": [-2.5, 24, -7], "size": [5, 3, 4], "uv": [0, 16]}
					]
				},
				{
					"name": "bone623",
					"parent": "bone621",
					"pivot": [0, 24, -3],
					"cubes": [
						{"origin": [-1, 26, -7], "size": [2, 1, 1], "inflate": 0.01, "uv": [0, 5]}
					]
				}
			]
		}
	]
},
	"texture": "moreplayermodels:textures/canine.png",
	"body_part": "head",
	"menu": "CORVUS_Animal",
	"preview_rotation": 315,
	"translate": [0, 24, 0],
	"can_use_player_skin" : true,
	"author": "nymphbat"
}