{
	"name": "Kobold Head",
	"render_type": "bedrock",
	"hidden_parts": ["head"],
	"render_data" : {
	"format_version": "1.12.0",
	"minecraft:geometry": [
		{
			"description": {
				"identifier": "geometry.unknown",
				"texture_width": 64,
				"texture_height": 64,
				"visible_bounds_width": 3,
				"visible_bounds_height": 3.5,
				"visible_bounds_offset": [0, 1.25, 0]
			},
			"bones": [
				{
					"name": "head",
					"pivot": [0, 24, 0]
				},
				{
					"name": "bone630",
					"parent": "head",
					"pivot": [3, 24, -3],
					"cubes": [
						{"origin": [-4, 24, -4], "size": [8, 8, 8], "uv": [0, 0]}
					]
				},
				{
					"name": "bone637",
					"parent": "bone630",
					"pivot": [3.5, 24, -7],
					"cubes": [
						{"origin": [3, 31, -4], "size": [1, 1, 4], "inflate": 0.25, "uv": [30, 1]}
					]
				},
				{
					"name": "bone642",
					"parent": "bone630",
					"pivot": [-3.5, 24, -7],
					"cubes": [
						{"origin": [-4, 31, -4], "size": [1, 1, 4], "inflate": 0.25, "uv": [24, 0]}
					]
				},
				{
					"name": "bone635",
					"parent": "bone630",
					"pivot": [4, 28, 2],
					"rotation": [20, 40, 0],
					"cubes": [
						{"origin": [3, 28, 2], "size": [1, 1, 3], "inflate": 0.01, "uv": [0, 4]}
					]
				},
				{
					"name": "bone636",
					"parent": "bone635",
					"pivot": [4, 28.5, 2],
					"cubes": [
						{"origin": [3, 25, 2], "size": [0, 4, 6], "uv": [24, 25]},
						{"origin": [3.005, 25, 2], "size": [0, 4, 6], "uv": [12, 25]}
					]
				},
				{
					"name": "bone640",
					"parent": "bone630",
					"pivot": [-4, 28, 2],
					"rotation": [20, -40, 0],
					"cubes": [
						{"origin": [-4, 28, 2], "size": [1, 1, 3], "inflate": 0.01, "uv": [0, 0]}
					]
				},
				{
					"name": "bone641",
					"parent": "bone640",
					"pivot": [-4, 28.5, 2],
					"cubes": [
						{"origin": [-3, 25, 2], "size": [0, 4, 6], "uv": [0, 25]},
						{"origin": [-3.005, 25, 2], "size": [0, 4, 6], "uv": [0, 21]}
					]
				},
				{
					"name": "bone632",
					"parent": "bone630",
					"pivot": [0, 24, -2],
					"rotation": [-2.5, 0, 0],
					"cubes": [
						{"origin": [-3.5, 24, -9], "size": [7, 4, 7], "inflate": 0.002, "uv": [0, 16]}
					]
				},
				{
					"name": "bone639",
					"parent": "bone632",
					"pivot": [2.1, 24.7, -7.5],
					"rotation": [22.5, 0, 0],
					"cubes": [
						{"origin": [1.6, 22.7, -7.5], "size": [1, 2, 1], "inflate": 0.002, "uv": [0, 20]}
					]
				},
				{
					"name": "bone638",
					"parent": "bone632",
					"pivot": [-2.1, 24.7, -7.5],
					"rotation": [22.5, 0, 0],
					"cubes": [
						{"origin": [-2.6, 22.7, -7.5], "size": [1, 2, 1], "inflate": 0.002, "uv": [3, 18]}
					]
				},
				{
					"name": "bone633",
					"parent": "bone632",
					"pivot": [0, 28, -8],
					"rotation": [-10, 0, 0],
					"cubes": [
						{"origin": [-0.5, 28, -8.5], "size": [1, 1, 1], "inflate": 0.15, "uv": [21, 16]}
					]
				},
				{
					"name": "bone634",
					"parent": "bone633",
					"pivot": [0, 29, -8],
					"rotation": [-17.5, 0, 0],
					"cubes": [
						{"origin": [-0.5, 29, -8.5], "size": [1, 2, 1], "uv": [0, 16]}
					]
				},
				{
					"name": "bone631",
					"parent": "bone630",
					"pivot": [0, 31.5, -0.5],
					"rotation": [30, 0, 0],
					"cubes": [
						{"origin": [-3, 27.5, -7.5], "size": [6, 4, 7], "inflate": 0.01, "uv": [21, 20]},
						{"origin": [-2, 27.5, -7.5], "size": [4, 4, 7], "inflate": 0.15, "uv": [25, 9]}
					]
				}
			]
		}
	]
},
	"texture": "moreplayermodels:textures/dragon.png",
	"body_part": "head",
	"menu": "CORVUS_Animal",
	"preview_rotation": 315,
	"translate": [0, 24, 0],
	"can_use_player_skin" : true,
	"author": "nymphbat"
}