{
	"name": "Ears",
	"render_type": "bedrock",
	"hidden_parts": [],
	"render_data" : {
	"format_version": "1.12.0",
	"minecraft:geometry": [
		{
			"description": {
				"identifier": "geometry.unknown",
				"texture_width": 16,
				"texture_height": 16,
				"visible_bounds_width": 3,
				"visible_bounds_height": 3.5,
				"visible_bounds_offset": [0, 1.25, 0]
			},
			"bones": [
				{
					"name": "flat_ears",
					"pivot": [0, 0, 0]
				},
				{
					"name": "bone143",
					"parent": "flat_ears",
					"pivot": [4, 29.5, -1],
					"rotation": [0, -15, 30],
					"cubes": [
						{"origin": [4, 24.5, -1], "size": [5, 5, 0], "uv": [0, 5]}
					]
				},
				{
					"name": "bone144",
					"parent": "flat_ears",
					"pivot": [-4, 29.5, -1],
					"rotation": [0, 15, -30],
					"cubes": [
						{"origin": [-9, 24.5, -1], "size": [5, 5, 0], "uv": [0, 0]}
					]
				}
			]
		}
	]
},
	"texture": "moreplayermodels:textures/ears_1.png",
	"body_part": "head",
	"menu": "CORVUS_Ears",
	"parent":"moreplayermodels:parts/corvus_head/flat_ears/flatears_1a.json",
	"preview_rotation": 315,
	"translate": [0, 12, 0],
	"scale": [1.0, 1.0, 1.0],
	"rotate_offset": [0, -12, 0.0],
	"rotate": [0.0, 0, 0.0],
	"can_use_player_skin" : true,
	"author": "nymphbat"
}