{
	"name": "Glowing pupil (R)",
	"parent": "moreplayermodels:parts/glow_eyes/pupil_small_r.json",
	"render_type": "bedrock",
	"hidden_parts": [none],
	"render_data" : {
	"format_version": "1.12.0",
	"minecraft:geometry": [
		{
			"description": {
				"identifier": "geometry.unknown",
				"texture_width": 64,
				"texture_height": 64,
				"visible_bounds_width": 2,
				"visible_bounds_height": 1.5,
				"visible_bounds_offset": [0, 0.25, 0]
			},
			"bones": [
				{
					"name": "bb_main",
					"pivot": [0, 0, 0],
					"cubes": [
						{"origin": [-3, 3, -4.02], "size": [2, 1, 1], "uv": [8, 11]}
					]
				}
			]
		}
	]
},
	"texture": "moreplayermodels:textures/glow_eyes/pupil.png",
	"body_part": "head",
	"menu": "♥ Glowing Eyes",
	"preview_rotation": 315,
	"translate": [0, -1, 0],
	"scale": [1, 1, 1],
	"rotate_offset": [0, 0, 0],
	"rotate": [0, 0, 0],
	"author": "Ruvy"
}