{
	"name": "Beak",
	"render_type": "bedrock",
	"hidden_parts": [],
	"render_data" : {
	"format_version": "1.12.0",
	"minecraft:geometry": [
		{
			"description": {
				"identifier": "geometry.unknown",
				"texture_width": 32,
				"texture_height": 32,
				"visible_bounds_width": 2,
				"visible_bounds_height": 3.5,
				"visible_bounds_offset": [0, 1.25, 0]
			},
			"bones": [
				{
					"name": "beak2",
					"pivot": [0, 27.5, -4]
				},
				{
					"name": "bone313",
					"parent": "beak2",
					"pivot": [0, 27.5, -4],
					"rotation": [10, 0, 0]
				},
				{
					"name": "bone314",
					"parent": "bone313",
					"pivot": [0, 23.5, -5],
					"cubes": [
						{"origin": [-1, 24.5, -9], "size": [2, 1, 5], "inflate": 0.15, "uv": [0, 7]},
						{"origin": [-1, 24.5, -6.2], "size": [2, 2, 4], "inflate": 0.01, "uv": [10, 0]}
					]
				},
				{
					"name": "bone315",
					"parent": "bone313",
					"pivot": [0, 27.5, -3.5],
					"rotation": [17.5, 0, 0],
					"cubes": [
						{"origin": [-1, 26.5, -9.5], "size": [2, 1, 6], "uv": [0, 0]},
						{"origin": [-1, 26.5, -4.5], "size": [2, 1, 1], "inflate": 0.125, "uv": [0, 0]}
					]
				}
			]
		}
	]
},
	"texture": "moreplayermodels:textures/beak2.png",
	"body_part": "head",
	"menu": "CORVUS_Head",
	"parent":"moreplayermodels:parts/corvus_head/beak.json",
	"preview_rotation": 315,
	"translate": [0, 12, 0],
	"scale": [1.0, 1.0, 1.0],
	"rotate_offset": [0, -12, 0.0],
	"rotate": [0.0, 0, 0.0],
	"can_use_player_skin" : true,
	"author": "nymphbat"
}