{
	"name": "Feather_horns",
	"render_type": "bedrock",
	"hidden_parts": [],
	"render_data" : {
	"format_version": "1.12.0",
	"minecraft:geometry": [
		{
			"description": {
				"identifier": "geometry.unknown",
				"texture_width": 16,
				"texture_height": 16,
				"visible_bounds_width": 2,
				"visible_bounds_height": 3.5,
				"visible_bounds_offset": [0, 1.25, 0]
			},
			"bones": [
				{
					"name": "fur_horns",
					"pivot": [0, 0, 0]
				},
				{
					"name": "bone155",
					"parent": "fur_horns",
					"pivot": [4, 32, -2],
					"rotation": [45, 0, -22.5],
					"cubes": [
						{"origin": [1, 32, -4], "size": [4, 0, 4], "uv": [0, 4]}
					]
				},
				{
					"name": "bone154",
					"parent": "bone155",
					"pivot": [5, 32, -1.5],
					"rotation": [0, 0, 25],
					"cubes": [
						{"origin": [5, 32, -3.5], "size": [2, 0, 3], "uv": [4, 8]}
					]
				},
				{
					"name": "bone156",
					"parent": "fur_horns",
					"pivot": [-4, 32, -2],
					"rotation": [45, 0, 22.5],
					"cubes": [
						{"origin": [-5, 32, -4], "size": [4, 0, 4], "uv": [0, 0]}
					]
				},
				{
					"name": "bone157",
					"parent": "bone156",
					"pivot": [-5, 32, -1.5],
					"rotation": [0, 0, -25],
					"cubes": [
						{"origin": [-7, 32, -3.5], "size": [2, 0, 3], "uv": [0, 8]}
					]
				}
			]
		}
	]
	},
	"texture": "moreplayermodels:textures/feather_horns.png",
	"body_part": "head",
	"menu": "CORVUS_Head",
	"preview_rotation": 315,
	"translate": [0, 12, 0],
	"scale": [1.0, 1.0, 1.0],
	"rotate_offset": [0, -12, 0.0],
	"rotate": [0.0, 0, 0.0],
	"can_use_player_skin" : true,
	"author": "nymphbat"
}