{
	"name": "Bug_Feelers",
	"render_type": "bedrock",
	"hidden_parts": [],
	"render_data" : {
	"format_version": "1.12.0",
	"minecraft:geometry": [
		{
			"description": {
				"identifier": "geometry.unknown",
				"texture_width": 16,
				"texture_height": 16,
				"visible_bounds_width": 2,
				"visible_bounds_height": 3.5,
				"visible_bounds_offset": [0, 1.25, 0]
			},
			"bones": [
				{
					"name": "feelers",
					"pivot": [0, 0, 0]
				},
				{
					"name": "bone349",
					"parent": "feelers",
					"pivot": [0, 0, 0]
				},
				{
					"name": "bone350",
					"parent": "bone349",
					"pivot": [1.1, 32, -2],
					"rotation": [0, -60, 30],
					"cubes": [
						{"origin": [1.1, 32, -3], "size": [0, 2, 1], "uv": [4, 2]}
					]
				},
				{
					"name": "bone351",
					"parent": "bone350",
					"pivot": [1.1, 34, -2.5],
					"rotation": [0, 0, 45],
					"cubes": [
						{"origin": [1.1, 34, -3], "size": [0, 3, 1], "uv": [4, -1]}
					]
				},
				{
					"name": "bone352",
					"parent": "bone351",
					"pivot": [1.1, 37, -2.5],
					"rotation": [0, 0, 45],
					"cubes": [
						{"origin": [1.1, 37, -3], "size": [0, 4, 1], "uv": [2, -1]}
					]
				},
				{
					"name": "bone353",
					"parent": "bone349",
					"pivot": [-1.1, 32, -2],
					"rotation": [0, 60, -30],
					"cubes": [
						{"origin": [-1.1, 32, -3], "size": [0, 2, 1], "uv": [2, 3]}
					]
				},
				{
					"name": "bone354",
					"parent": "bone353",
					"pivot": [-1.1, 34, -2.5],
					"rotation": [0, 0, -45],
					"cubes": [
						{"origin": [-1.1, 34, -3], "size": [0, 3, 1], "uv": [0, 3]}
					]
				},
				{
					"name": "bone355",
					"parent": "bone354",
					"pivot": [-1.1, 37, -2.5],
					"rotation": [0, 0, -45],
					"cubes": [
						{"origin": [-1.1, 37, -3], "size": [0, 4, 1], "uv": [0, -1]}
					]
				}
			]
		}
	]
},
	"texture": "moreplayermodels:textures/feelers.png",
	"body_part": "head",
	"menu": "CORVUS_Head",
	"preview_rotation": 315,
	"translate": [0, 12, 0],
	"scale": [1.0, 1.0, 1.0],
	"rotate_offset": [0, -12, 0.0],
	"rotate": [0.0, 0, 0.0],
	"can_use_player_skin" : true,
	"author": "nymphbat"
}