{
	"name": "Mandibles",
	"render_type": "bedrock",
	"hidden_parts": [],
	"render_data" : {
	"format_version": "1.12.0",
	"minecraft:geometry": [
		{
			"description": {
				"identifier": "geometry.unknown",
				"texture_width": 16,
				"texture_height": 16,
				"visible_bounds_width": 2,
				"visible_bounds_height": 3.5,
				"visible_bounds_offset": [0, 1.25, 0]
			},
			"bones": [
				{
					"name": "pinchers",
					"pivot": [0, 0, 0]
				},
				{
					"name": "bone365",
					"parent": "pinchers",
					"pivot": [0.9, 25.5, -4],
					"rotation": [15, -27.5, 0],
					"cubes": [
						{"origin": [0.4, 25, -5], "size": [1, 1, 2], "inflate": 0.15, "uv": [6, 1]}
					]
				},
				{
					"name": "bone364",
					"parent": "bone365",
					"pivot": [1.4, 25.5, -5],
					"rotation": [0, 35, 0],
					"cubes": [
						{"origin": [0.4, 25, -7], "size": [1, 1, 2], "inflate": 0.01, "uv": [0, 6]}
					]
				},
				{
					"name": "bone366",
					"parent": "bone364",
					"pivot": [1.4, 25, -6.2],
					"rotation": [0, 42.5, 0],
					"cubes": [
						{"origin": [0.4, 25.5, -7.2], "size": [1, 0, 1], "uv": [3, 4]}
					]
				},
				{
					"name": "bone367",
					"parent": "pinchers",
					"pivot": [-0.9, 25.5, -4],
					"rotation": [15, 27.5, 0],
					"cubes": [
						{"origin": [-1.4, 25, -5], "size": [1, 1, 2], "inflate": 0.15, "uv": [4, 4]}
					]
				},
				{
					"name": "bone368",
					"parent": "bone367",
					"pivot": [-1.4, 25.5, -5],
					"rotation": [0, -35, 0],
					"cubes": [
						{"origin": [-1.4, 25, -7], "size": [1, 1, 2], "inflate": 0.01, "uv": [0, 3]}
					]
				},
				{
					"name": "bone369",
					"parent": "bone368",
					"pivot": [-1.4, 25, -6.2],
					"rotation": [0, -42.5, 0],
					"cubes": [
						{"origin": [-1.4, 25.5, -7.2], "size": [1, 0, 1], "uv": [3, 3]}
					]
				},
				{
					"name": "bone370",
					"parent": "pinchers",
					"pivot": [0, 24, -4],
					"rotation": [15, 0, 0],
					"cubes": [
						{"origin": [-1.5, 24, -4], "size": [3, 2, 1], "inflate": 0.01, "uv": [0, 0]}
					]
				}
			]
		}
	]
},
	"texture": "moreplayermodels:textures/pinchers.png",
	"body_part": "head",
	"menu": "CORVUS_Head",
	"preview_rotation": 315,
	"translate": [0, 12, 0],
	"scale": [1.0, 1.0, 1.0],
	"rotate_offset": [0, -12, 0.0],
	"rotate": [0.0, 0, 0.0],
	"can_use_player_skin" : true,
	"author": "nymphbat"
}