{
	"name": "Tall Ears",
	"render_type": "bedrock",
	"hidden_parts": [],
	"render_data" : {
	"format_version": "1.12.0",
	"minecraft:geometry": [
		{
			"description": {
				"identifier": "geometry.unknown",
				"texture_width": 32,
				"texture_height": 32,
				"visible_bounds_width": 2,
				"visible_bounds_height": 3.5,
				"visible_bounds_offset": [0, 1.25, 0]
			},
			"bones": [
				{
					"name": "pointy_ears",
					"pivot": [0, 0, 0]
				},
				{
					"name": "bone690",
					"parent": "pointy_ears",
					"pivot": [2, 31, 0],
					"rotation": [5, -25, 25],
					"cubes": [
						{"origin": [1, 30, -1], "size": [4, 4, 1], "inflate": 0.25, "uv": [0, 5]}
					]
				},
				{
					"name": "bone689",
					"parent": "bone690",
					"pivot": [4, 34, 0],
					"rotation": [15, 0, -15],
					"cubes": [
						{"origin": [1, 34, -1], "size": [3, 3, 1], "inflate": 0.15, "uv": [0, 10]}
					]
				},
				{
					"name": "bone691",
					"parent": "bone689",
					"pivot": [3, 37, 0],
					"rotation": [15, 0, -12.5],
					"cubes": [
						{"origin": [1, 37, -1], "size": [2, 3, 1], "uv": [10, 4]}
					]
				},
				{
					"name": "bone692",
					"parent": "pointy_ears",
					"pivot": [-2, 31, 0],
					"rotation": [5, 25, -25],
					"cubes": [
						{"origin": [-5, 30, -1], "size": [4, 4, 1], "inflate": 0.25, "uv": [0, 0]}
					]
				},
				{
					"name": "bone693",
					"parent": "bone692",
					"pivot": [-4, 34, 0],
					"rotation": [15, 0, 15],
					"cubes": [
						{"origin": [-4, 34, -1], "size": [3, 3, 1], "inflate": 0.15, "uv": [9, 9]}
					]
				},
				{
					"name": "bone694",
					"parent": "bone693",
					"pivot": [-3, 37, 0],
					"rotation": [15, 0, 12.5],
					"cubes": [
						{"origin": [-3, 37, -1], "size": [2, 3, 1], "uv": [10, 0]}
					]
				}
			]
		}
	]
},
	"texture": "moreplayermodels:textures/pointyears.png",
	"body_part": "head",
	"menu": "CORVUS_Ears",
	"preview_rotation": 315,
	"translate": [0, 12, 0],
	"scale": [1.0, 1.0, 1.0],
	"rotate_offset": [0, -12, 0.0],
	"rotate": [0.0, 0, 0.0],
	"can_use_player_skin" : true,
	"author": "nymphbat"
}