{
	"name": "Round Ears",
	"render_type": "bedrock",
	"hidden_parts": [],
	"render_data" : {
	"format_version": "1.12.0",
	"minecraft:geometry": [
		{
			"description": {
				"identifier": "geometry.unknown",
				"texture_width": 16,
				"texture_height": 16,
				"visible_bounds_width": 2,
				"visible_bounds_height": 3.5,
				"visible_bounds_offset": [0, 1.25, 0]
			},
			"bones": [
				{
					"name": "round_ears",
					"pivot": [0, 0, 0]
				},
				{
					"name": "bone687",
					"parent": "round_ears",
					"pivot": [2, 30.5, 0],
					"rotation": [15, -17.5, 15],
					"cubes": [
						{"origin": [2, 30.5, -1], "size": [4, 5, 1], "uv": [0, 6]}
					]
				},
				{
					"name": "bone688",
					"parent": "round_ears",
					"pivot": [-2, 30.5, 0],
					"rotation": [15, 17.5, -15],
					"cubes": [
						{"origin": [-6, 30.5, -1], "size": [4, 5, 1], "uv": [0, 0]}
					]
				}
			]
		}
	]
},
	"texture": "moreplayermodels:textures/roundear.png",
	"body_part": "head",
	"menu": "CORVUS_Ears",
	"preview_rotation": 315,
	"translate": [0, 12, 0],
	"scale": [1.0, 1.0, 1.0],
	"rotate_offset": [0, -12, 0.0],
	"rotate": [0.0, 0, 0.0],
	"can_use_player_skin" : true,
	"author": "nymphbat"
}